Player,Pos,Age,Tm,G,MP,PER,TS%,3PAr,FTr,ORB%,DRB%,TRB%,AST%,STL%,BLK%,TOV%,USG%,OWS,DWS,WS,WS/48,OBPM,DBPM,BPM,VORP
Alex Abrines,SG,25,OKC,31,588,6.4,.507,.809,.083,0.9,7.6,4.2,4.3,1.3,0.9,7.9,12.2,0.1,0.6,0.7,.059,-2.3,-0.8,-3.1,-0.2
Quincy Acy,PF,28,PHO,10,123,3.0,.379,.833,.556,2.7,20.4,11.4,8.2,0.4,2.7,15.2,9.3,-0.1,0.0,-0.1,-0.021,-5.5,-0.2,-5.8,-0.1
Jaylen Adams,PG,22,ATL,9,43,8.0,.400,.600,.000,0.0,7.6,3.7,18.0,3.2,2.0,9.1,10.4,0.0,0.0,0.0,.037,-4.0,-0.4,-4.4,0.0
Steven Adams,C,25,OKC,49,1666,20.0,.611,.002,.398,14.0,16.1,15.1,7.4,2.1,1.9,11.5,16.9,4.0,2.7,6.7,.193,1.4,2.1,3.4,2.3
Bam Adebayo,C,21,MIA,51,1129,17.0,.614,.033,.529,9.7,22.5,16.1,13.4,1.6,3.0,17.5,15.3,2.0,1.8,3.8,.163,-0.8,3.1,2.3,1.2
Deng Adel,SF,21,CLE,7,68,7.5,.631,.636,.182,3.1,10.3,6.6,4.1,0.7,2.5,20.2,9.6,0.0,0.0,0.0,.019,-2.7,-1.5,-4.3,0.0
DeVaughn Akoon-Purcell,SG,25,DEN,7,22,8.5,.322,.400,.200,5.0,14.9,9.9,36.8,4.5,0.0,15.5,25.1,-0.1,0.0,0.0,-0.045,-4.1,0.5,-3.5,0.0
LaMarcus Aldridge,C,33,SAS,54,1761,23.0,.574,.022,.321,10.5,19.5,15.1,12.8,0.8,3.1,9.4,27.4,4.4,1.8,6.1,.167,1.4,0.3,1.7,1.6
Rawle Alkins,SG,21,CHI,2,4,61.1,.375,.250,.000,81.4,0.0,40.7,91.6,12.2,0.0,0.0,44.1,0.0,0.0,0.0,.549,43.4,21.9,65.3,0.1
Grayson Allen,SG,23,UTA,26,270,4.3,.454,.629,.324,0.4,4.0,2.2,9.1,0.5,0.9,11.8,21.6,-0.4,0.2,-0.2,-0.034,-4.7,-3.5,-8.2,-0.4
Jarrett Allen,C,20,BRK,52,1390,19.2,.627,.083,.461,10.1,24.6,17.4,8.7,1.1,4.4,13.3,16.2,3.1,2.1,5.1,.177,-0.1,3.0,2.9,1.7
Kadeem Allen,SG,26,NYK,3,71,12.8,.560,.176,.471,2.8,13.9,8.1,22.0,0.7,0.0,8.9,13.4,0.2,0.0,0.2,.111,-1.1,-2.2,-3.3,0.0
Al-Farouq Aminu,PF,28,POR,52,1538,13.3,.571,.509,.304,5.7,22.7,14.4,5.5,1.5,1.1,8.7,13.0,2.2,1.9,4.1,.128,0.3,1.0,1.3,1.3
Justin Anderson,SF,25,ATL,26,226,9.5,.478,.487,.263,5.1,14.4,9.7,6.8,2.2,2.6,13.3,17.5,-0.1,0.2,0.1,.013,-3.9,-0.5,-4.4,-0.1
Kyle Anderson,SF,25,MEM,43,1281,13.0,.569,.123,.232,4.2,18.7,11.3,15.4,2.1,2.8,16.0,12.9,0.9,1.9,2.8,.105,-2.1,3.5,1.4,1.1
Ryan Anderson,PF,30,PHO,15,278,4.7,.423,.567,.233,5.6,12.7,9.1,8.1,0.5,0.3,15.4,12.2,-0.2,0.0,-0.2,-0.038,-4.2,-2.1,-6.3,-0.3
Ike Anigbogu,C,20,IND,3,6,-5.9,.000,.000,.000,18.9,36.4,27.8,19.3,0.0,15.0,25.0,29.0,-0.1,0.0,-0.1,-0.470,-22.4,8.6,-13.7,0.0
Giannis Antetokounmpo,PF,24,MIL,48,1591,29.4,.629,.143,.539,7.6,30.1,19.6,29.1,2.1,3.7,15.4,31.8,5.3,3.8,9.1,.275,4.6,5.2,9.8,4.8
Carmelo Anthony,PF,34,HOU,10,294,11.2,.513,.529,.182,3.3,17.8,10.3,2.7,0.7,2.0,5.8,20.5,0.1,0.1,0.2,.040,-2.9,-3.5,-6.3,-0.3
OG Anunoby,SF,21,TOR,42,843,9.6,.519,.509,.139,4.2,11.3,7.8,4.7,1.5,1.0,8.5,16.0,0.2,0.9,1.0,.059,-1.2,-0.5,-1.7,0.1
Ryan Arcidiacono,PG,24,CHI,52,1303,10.5,.587,.663,.206,1.2,8.8,5.0,19.4,1.9,0.1,14.2,10.5,1.6,0.7,2.3,.084,-0.4,-0.9,-1.3,0.2
Trevor Ariza,SF,33,TOT,48,1697,11.3,.518,.595,.207,2.1,16.1,8.9,14.5,2.0,0.5,12.3,16.3,0.4,1.0,1.4,.040,-0.6,-0.1,-0.7,0.5
Trevor Ariza,SF,33,PHO,26,884,10.7,.525,.612,.189,2.0,16.7,9.2,13.6,2.1,0.8,13.7,13.9,0.2,0.5,0.7,.037,-1.0,0.3,-0.7,0.3
Trevor Ariza,SF,33,WAS,22,813,12.0,.512,.581,.221,2.1,15.4,8.6,15.6,2.0,0.3,11.2,18.8,0.2,0.5,0.7,.043,-0.2,-0.6,-0.8,0.3
D.J. Augustin,PG,31,ORL,52,1458,15.3,.628,.487,.370,2.0,6.5,4.2,24.7,1.0,0.0,14.3,17.1,3.3,0.8,4.1,.136,1.8,-2.6,-0.8,0.4
Deandre Ayton,C,20,PHO,48,1481,21.3,.613,.003,.220,11.5,27.2,19.3,11.2,1.2,2.6,11.9,21.1,3.2,1.2,4.4,.141,0.6,0.6,1.1,1.2
Dwayne Bacon,SG,23,CHO,24,256,12.5,.629,.289,.145,1.3,15.3,8.2,10.0,0.6,0.3,12.0,16.8,0.3,0.1,0.5,.088,-1.3,-2.4,-3.7,-0.1
Marvin Bagley,PF,19,SAC,38,907,17.1,.564,.124,.387,10.1,19.5,14.7,5.5,1.0,3.4,13.0,22.8,0.8,0.9,1.7,.092,-1.8,-0.5,-2.3,-0.1
Ron Baker,SG,25,TOT,15,152,2.6,.309,.650,.300,0.7,7.3,3.9,12.7,1.9,0.6,18.1,7.7,-0.2,0.1,-0.1,-0.036,-5.7,-0.8,-6.5,-0.2
Ron Baker,SG,25,NYK,11,107,4.4,.376,.563,.375,0.9,6.1,3.4,15.9,2.2,0.0,13.9,8.6,0.0,0.0,0.0,-0.001,-4.3,-1.5,-5.8,-0.1
Ron Baker,SG,25,WAS,4,45,-1.9,.000,1.000,.000,0.0,10.1,4.9,5.2,1.1,1.9,33.3,5.7,-0.1,0.0,-0.1,-0.119,-9.0,1.0,-8.0,-0.1
Wade Baldwin,PG,22,POR,16,94,1.4,.396,.273,.333,2.3,14.3,8.4,16.9,0.5,1.7,27.0,23.3,-0.4,0.1,-0.3,-0.152,-9.3,-1.3,-10.7,-0.2
Lonzo Ball,PG,21,LAL,47,1423,12.0,.487,.500,.105,4.0,13.7,9.0,23.7,2.3,1.1,17.8,16.9,0.0,1.9,1.9,.062,-0.8,1.6,0.9,1.0
Mohamed Bamba,C,20,ORL,47,766,15.1,.539,.288,.259,8.8,24.4,16.4,7.7,0.8,7.0,13.7,17.9,0.3,1.3,1.6,.098,-3.3,2.9,-0.4,0.3
J.J. Barea,PG,34,DAL,38,752,16.6,.495,.332,.203,1.9,11.4,6.8,47.4,1.4,0.1,14.7,27.8,0.6,0.6,1.2,.080,1.3,-2.0,-0.7,0.2
Harrison Barnes,PF,26,DAL,48,1558,13.5,.541,.433,.281,2.5,11.3,7.0,6.3,1.0,0.6,7.8,23.5,1.3,1.2,2.5,.078,-0.5,-1.9,-2.4,-0.2
Will Barton,SG,28,DEN,13,327,15.6,.562,.428,.203,4.0,15.1,9.5,16.9,0.5,1.9,10.7,22.1,0.5,0.3,0.8,.116,0.9,-1.5,-0.6,0.1
Keita Bates-Diop,SF,23,MIN,5,32,-2.8,.253,.455,.182,0.0,20.3,10.0,0.0,0.0,2.7,7.8,16.9,-0.1,0.0,-0.1,-0.189,-12.7,-4.4,-17.1,-0.1
Nicolas Batum,SF,30,CHO,52,1608,12.3,.599,.495,.183,3.1,15.2,9.1,14.6,1.5,1.4,17.1,13.2,1.6,1.4,3.0,.090,0.3,1.0,1.2,1.3
Jerryd Bayless,PG,30,MIN,15,313,10.8,.460,.484,.098,2.0,9.7,5.8,27.7,1.4,0.3,11.8,19.3,0.0,0.2,0.2,.031,-0.9,-2.5,-3.4,-0.1
Aron Baynes,C,32,BOS,34,507,15.1,.574,.324,.311,12.6,18.4,15.5,10.3,0.6,3.9,14.3,16.6,0.9,0.7,1.7,.159,-0.3,1.3,1.0,0.4
Kent Bazemore,SG,29,ATL,38,1011,14.4,.545,.415,.275,2.2,13.8,7.8,14.2,2.9,2.7,14.2,22.1,0.2,1.0,1.2,.059,-0.9,0.6,-0.3,0.4
Bradley Beal,SG,25,WAS,52,1926,19.5,.571,.370,.252,3.2,12.0,7.5,22.4,1.7,1.8,11.2,28.1,3.0,1.2,4.1,.103,3.0,-1.0,1.9,1.9
Malik Beasley,SG,22,DEN,52,1215,15.5,.634,.537,.084,1.8,10.0,5.9,7.6,1.4,0.4,6.2,17.6,2.6,0.9,3.6,.140,2.5,-2.0,0.4,0.7
Michael Beasley,PF,30,LAL,25,265,17.7,.558,.103,.269,4.8,16.1,10.6,13.8,1.6,3.0,13.8,29.4,0.0,0.4,0.4,.076,-2.7,-0.3,-3.0,-0.1
Marco Belinelli,SG,32,SAS,52,1165,14.2,.581,.578,.197,0.9,10.3,5.6,12.2,1.1,0.6,8.1,20.4,1.8,0.7,2.5,.101,1.9,-2.5,-0.5,0.4
Jordan Bell,C,24,GSW,46,502,13.7,.541,.009,.189,7.6,16.7,12.3,13.8,1.4,5.9,16.1,12.1,0.5,0.7,1.2,.118,-2.2,3.3,1.1,0.4
DeAndre' Bembry,SG,24,ATL,52,1297,9.8,.492,.301,.218,2.4,15.9,9.0,15.1,2.4,1.9,17.5,17.0,-0.8,1.1,0.3,.012,-3.5,1.1,-2.5,-0.2
Dragan Bender,PF,21,PHO,20,242,10.2,.514,.514,.324,6.9,16.5,11.6,7.8,1.0,1.0,14.2,17.6,0.0,0.1,0.0,.007,-2.8,-2.4,-5.2,-0.2
Davis Bertans,PF,26,SAS,48,989,14.6,.681,.768,.111,1.9,16.3,9.2,8.2,1.2,1.9,9.3,13.9,2.0,0.9,2.9,.140,2.8,-0.2,2.6,1.2
Patrick Beverley,PG,30,LAC,53,1412,10.7,.538,.605,.304,3.5,14.5,9.2,17.2,1.3,1.5,13.8,12.2,1.5,1.2,2.7,.092,0.6,1.0,1.6,1.3
Khem Birch,C,26,ORL,21,194,16.6,.577,.024,.463,8.7,21.7,15.0,8.7,1.8,4.8,7.5,12.0,0.4,0.3,0.7,.173,-2.3,3.3,0.9,0.1
Bismack Biyombo,C,26,CHO,27,417,15.2,.596,.000,.529,11.0,24.0,17.5,5.3,0.8,6.0,13.2,12.5,0.7,0.6,1.2,.144,-2.3,2.4,0.1,0.2
Nemanja Bjelica,PF,30,SAC,51,1207,15.6,.593,.434,.158,6.9,19.1,12.9,11.3,1.5,2.9,12.7,16.7,1.8,1.3,3.1,.123,0.9,1.3,2.3,1.3
Antonio Blakeney,SG,22,CHI,40,578,11.6,.502,.246,.197,1.1,11.1,6.1,6.5,0.8,1.2,7.5,25.4,-0.5,0.2,-0.2,-0.020,-4.4,-3.8,-8.2,-0.9
Eric Bledsoe,PG,29,MIL,50,1469,19.2,.580,.387,.223,3.8,11.7,8.0,27.0,2.4,1.2,13.5,22.6,3.0,2.5,5.4,.178,2.5,1.0,3.6,2.1
Jaron Blossomgame,SF,25,CLE,25,407,10.9,.536,.337,.137,6.6,19.2,12.6,3.9,0.9,1.7,9.8,12.1,0.3,0.1,0.3,.039,-2.6,-1.6,-4.2,-0.2
Bogdan Bogdanovic,SG,26,SAC,40,1119,14.8,.535,.433,.190,1.6,11.7,6.6,20.9,1.6,0.5,11.5,23.5,0.9,0.8,1.7,.071,0.8,-1.6,-0.8,0.4
Bojan Bogdanovic,SF,29,IND,52,1651,14.9,.612,.377,.280,1.7,12.4,7.2,7.9,1.2,0.0,10.1,20.3,2.5,1.9,4.4,.127,0.9,-1.3,-0.3,0.7
Jonah Bolden,PF,23,PHI,27,343,10.8,.561,.554,.217,7.7,21.8,15.0,6.3,1.1,5.5,20.2,13.9,0.0,0.5,0.5,.074,-2.9,2.0,-0.9,0.1
Isaac Bonga,PG,19,LAL,8,31,9.5,.306,.200,.700,10.3,9.6,9.9,23.6,4.5,0.0,13.3,20.1,-0.1,0.1,0.0,-0.018,-4.7,1.5,-3.1,0.0
Devin Booker,SG,22,PHO,41,1428,19.0,.572,.343,.316,1.7,10.5,6.0,34.2,1.3,0.4,15.4,32.1,1.7,0.1,1.8,.061,3.3,-3.2,0.1,0.8
Chris Boucher,PF,26,TOR,15,83,26.9,.591,.550,.325,11.9,19.1,15.6,0.0,1.2,15.6,4.2,24.6,0.2,0.2,0.5,.261,0.1,1.1,1.2,0.1
Avery Bradley,SG,28,LAC,47,1402,5.9,.465,.408,.056,2.7,6.7,4.8,9.2,0.9,0.8,12.5,14.5,-0.8,0.6,-0.2,-0.008,-2.2,-0.7,-2.9,-0.3
Tony Bradley,C,21,UTA,1,9,-10.4,.000,.000,.000,24.3,12.1,18.2,0.0,0.0,0.0,25.0,19.0,-0.1,0.0,-0.1,-0.345,-17.4,-5.6,-23.0,0.0
Corey Brewer,SF,32,PHI,7,140,10.8,.484,.286,.265,3.1,9.7,6.5,10.0,4.0,1.1,12.8,18.8,-0.1,0.2,0.1,.048,-3.2,0.8,-2.4,0.0
Mikal Bridges,SF,22,PHO,54,1467,11.3,.571,.576,.160,2.3,10.3,6.3,8.4,2.6,1.6,9.5,12.4,1.2,0.8,2.0,.064,-0.3,0.5,0.2,0.8
Miles Bridges,SF,20,CHO,50,953,12.3,.542,.407,.200,3.3,17.4,10.2,7.7,1.2,2.7,8.7,15.0,0.7,0.9,1.6,.080,-1.6,0.3,-1.3,0.2
Isaiah Briscoe,PG,22,ORL,28,317,5.2,.425,.207,.207,0.7,12.2,6.3,21.5,0.6,0.0,16.0,14.7,-0.3,0.2,-0.1,-0.013,-6.0,-1.9,-7.9,-0.5
Ryan Broekhoff,SG,28,DAL,22,172,11.3,.615,.769,.038,1.3,10.3,5.9,9.6,0.3,1.0,8.6,14.3,0.2,0.1,0.4,.098,0.0,-2.1,-2.1,0.0
Malcolm Brogdon,SG,26,MIL,47,1385,17.7,.619,.311,.206,3.9,12.1,8.3,16.4,1.1,0.7,11.4,20.4,3.2,1.8,5.0,.173,1.8,-0.2,1.6,1.3
Dillon Brooks,SF,23,MEM,18,330,7.8,.499,.328,.246,3.1,7.9,5.4,7.8,1.5,1.2,12.3,21.3,-0.3,0.3,0.0,-0.001,-4.2,-1.7,-6.0,-0.3
MarShon Brooks,SG,30,MEM,29,387,11.9,.518,.320,.195,3.5,10.1,6.7,11.3,1.2,1.0,10.3,24.0,-0.2,0.3,0.2,.021,-2.9,-2.5,-5.4,-0.3
Bruce Brown,SG,22,DET,44,880,6.9,.454,.290,.198,3.8,12.4,7.9,10.0,1.2,2.0,12.3,13.0,-0.3,0.9,0.7,.036,-4.2,1.5,-2.7,-0.1
Jaylen Brown,SG,22,BOS,47,1221,13.0,.534,.349,.253,3.9,13.9,8.9,7.7,1.7,1.8,10.7,22.0,0.3,1.8,2.0,.080,-1.8,-0.1,-2.0,0.0
Lorenzo Brown,PG,28,TOR,26,212,6.5,.380,.394,.042,2.6,13.0,7.9,17.3,2.7,1.9,18.1,17.8,-0.4,0.3,-0.1,-0.029,-5.4,1.4,-4.0,-0.1
Sterling Brown,SG,23,MIL,40,637,11.2,.573,.524,.102,3.7,14.4,9.4,10.5,1.1,0.7,12.1,14.7,0.6,0.9,1.5,.111,-1.0,0.0,-1.0,0.2
Troy Brown,SF,19,WAS,29,208,11.3,.471,.231,.323,2.6,18.5,10.3,17.8,1.8,0.4,9.7,16.9,0.0,0.2,0.2,.043,-3.8,-1.1,-4.9,-0.1
Jalen Brunson,PG,22,DAL,44,760,10.9,.508,.291,.208,1.7,9.2,5.6,19.9,1.3,0.1,11.3,18.3,0.4,0.6,1.0,.062,-2.0,-1.4,-3.5,-0.3
Thomas Bryant,C,21,WAS,42,801,20.9,.708,.148,.287,7.6,25.4,16.3,8.4,0.9,3.3,10.4,16.4,2.4,0.7,3.2,.189,0.9,0.3,1.2,0.6
Reggie Bullock,SG,27,DET,42,1293,10.6,.565,.663,.153,1.5,8.2,4.7,12.1,0.8,0.3,10.4,16.4,1.3,0.9,2.1,.080,0.4,-1.2,-0.8,0.4
Trey Burke,PG,26,NYK,33,689,15.9,.496,.240,.209,2.2,7.5,4.7,23.2,1.5,0.6,6.9,25.8,0.5,0.1,0.7,.046,0.1,-3.3,-3.2,-0.2
Alec Burks,SG,27,TOT,50,1211,13.2,.524,.359,.310,2.3,17.4,9.6,14.5,1.2,1.4,10.5,19.9,0.8,0.5,1.3,.050,-1.2,-1.0,-2.2,-0.1
Alec Burks,SG,27,UTA,17,269,12.7,.547,.377,.333,0.8,10.1,5.5,11.6,1.1,1.2,10.3,23.2,0.2,0.3,0.5,.081,-2.0,-1.6,-3.6,-0.1
Alec Burks,SG,27,CLE,33,942,13.3,.516,.352,.302,2.7,19.5,10.8,15.3,1.2,1.5,10.6,19.0,0.6,0.2,0.8,.042,-1.0,-0.9,-1.8,0.0
Deonte Burton,SG,25,OKC,15,131,7.9,.504,.283,.130,0.8,11.9,6.3,5.2,1.1,3.2,12.6,17.3,-0.1,0.2,0.1,.036,-5.9,-0.3,-6.2,-0.1
Jimmy Butler,SF-SG,29,TOT,41,1364,21.3,.583,.241,.354,5.6,10.4,8.0,18.0,3.0,1.5,8.2,23.0,3.6,1.7,5.3,.186,3.1,0.7,3.8,2.0
Jimmy Butler,SG,29,MIN,10,361,22.5,.579,.287,.389,4.7,10.8,7.7,18.7,3.2,2.4,7.1,23.0,1.0,0.4,1.4,.189,3.9,1.2,5.1,0.7
Jimmy Butler,SF,29,PHI,31,1003,20.9,.584,.224,.341,5.9,10.3,8.2,17.7,2.9,1.2,8.6,23.0,2.6,1.3,3.9,.185,2.9,0.5,3.3,1.3
Bruno Caboclo,SF,23,MEM,5,115,9.7,.455,.793,.310,4.9,12.3,8.5,6.2,1.3,6.7,8.3,14.2,0.0,0.2,0.1,.059,-3.0,2.4,-0.7,0.0
Jose Calderon,PG,37,DET,42,598,6.9,.446,.487,.096,1.6,8.7,5.0,25.5,1.3,0.4,22.6,11.0,-0.1,0.5,0.4,.036,-4.2,-1.0,-5.2,-0.5
Kentavious Caldwell-Pope,SG,25,LAL,53,1269,12.6,.574,.566,.246,2.7,9.1,6.0,6.3,1.7,0.3,7.2,16.8,1.6,1.2,2.8,.107,0.5,-1.0,-0.5,0.5
Isaiah Canaan,PG,27,TOT,21,520,7.0,.504,.570,.148,1.1,9.9,5.4,16.8,1.1,0.0,17.3,14.4,-0.1,0.0,-0.1,-0.012,-2.7,-2.5,-5.2,-0.4
Isaiah Canaan,PG,27,PHO,19,503,7.5,.515,.558,.155,1.1,10.0,5.5,17.1,1.1,0.0,17.4,14.3,-0.1,0.0,-0.1,-0.005,-2.5,-2.4,-4.9,-0.4
Isaiah Canaan,PG,27,MIN,2,17,-5.5,.250,.833,.000,0.0,6.4,3.1,7.5,0.0,0.0,14.3,17.3,-0.1,0.0,-0.1,-0.215,-8.9,-4.6,-13.5,0.0
Clint Capela,C,24,HOU,42,1436,24.5,.642,.000,.349,15.7,25.9,20.6,7.5,0.9,4.5,10.1,19.3,5.0,1.4,6.4,.215,1.6,1.0,2.6,1.7
DeMarre Carroll,SF,32,BRK,42,1054,11.9,.539,.530,.420,4.3,17.1,10.7,6.6,0.8,0.4,9.4,19.1,0.9,0.8,1.8,.080,-0.9,-1.5,-2.4,-0.1
Jevon Carter,PG,23,MEM,19,298,4.1,.346,.552,.103,1.5,6.7,4.1,16.1,2.5,1.6,13.3,16.0,-0.7,0.3,-0.3,-0.056,-5.9,-0.1,-6.0,-0.3
Vince Carter,SF,42,ATL,48,759,10.9,.543,.669,.105,3.0,15.1,8.9,8.6,1.6,1.7,10.3,16.6,0.4,0.5,0.8,.054,-1.1,-1.2,-2.3,-0.1
Wendell Carter,C,19,CHI,44,1110,15.4,.541,.086,.302,8.5,21.6,15.0,11.1,1.1,4.6,13.4,19.3,0.7,1.2,2.0,.085,-2.5,2.1,-0.3,0.5
Michael Carter-Williams,PG,27,HOU,16,145,12.9,.476,.311,.426,2.2,8.0,5.0,23.2,3.1,3.5,12.1,24.7,0.0,0.1,0.1,.036,-3.0,-0.9,-3.9,-0.1
Alex Caruso,PG,24,LAL,5,20,10.4,.521,.250,1.000,5.3,0.0,2.6,6.4,0.0,7.9,0.0,11.9,0.0,0.0,0.0,.092,-2.6,1.1,-1.5,0.0
Omri Casspi,SF,30,MEM,36,520,16.1,.606,.267,.360,3.7,22.3,12.7,8.3,1.9,1.7,11.0,18.3,0.6,0.8,1.3,.124,-2.0,0.3,-1.6,0.0
Willie Cauley-Stein,C,25,SAC,52,1478,18.2,.555,.004,.314,8.8,23.3,15.9,13.4,2.0,1.8,9.6,19.2,2.4,1.9,4.3,.140,0.0,1.9,1.9,1.5
Troy Caupain,PG,23,ORL,2,9,33.3,.625,.500,.000,0.0,24.6,12.0,56.1,5.4,0.0,0.0,19.5,0.1,0.0,0.1,.394,9.5,2.0,11.5,0.0
Tyler Cavanaugh,PF,24,UTA,7,17,6.2,.436,.500,.333,6.4,19.2,12.8,0.0,0.0,0.0,12.7,19.9,0.0,0.0,0.0,-0.032,-8.5,-6.3,-14.7,-0.1
Tyson Chandler,C,36,TOT,45,780,12.3,.630,.010,.814,12.0,25.1,18.7,5.5,1.2,2.0,21.0,8.9,1.1,1.1,2.2,.134,-2.3,1.9,-0.4,0.3
Tyson Chandler,C,36,PHO,7,89,11.7,.653,.000,1.500,8.7,41.0,24.7,9.2,1.1,0.9,26.0,13.1,0.1,0.1,0.2,.095,-4.8,0.1,-4.7,-0.1
Tyson Chandler,C,36,LAL,38,691,12.4,.626,.012,.718,12.4,23.1,17.9,5.0,1.2,2.2,20.0,8.4,1.0,1.0,2.0,.139,-2.0,2.2,0.2,0.4
Wilson Chandler,PF,31,PHI,36,951,9.2,.561,.570,.087,5.1,13.6,9.4,10.0,1.1,1.5,15.4,11.2,0.6,0.9,1.5,.076,-0.8,0.6,-0.1,0.4
Joe Chealey,PG,23,CHO,1,8,2.1,.333,.000,.000,0.0,0.0,0.0,17.5,0.0,0.0,0.0,16.1,0.0,0.0,0.0,-0.071,-8.6,-8.0,-16.6,0.0
Marquese Chriss,PF,21,HOU,16,104,3.5,.391,.441,.206,7.3,23.4,15.1,8.4,0.9,3.3,24.4,20.5,-0.3,0.1,-0.2,-0.111,-9.0,-0.8,-9.8,-0.2
Gary Clark,PF,24,HOU,36,527,8.4,.470,.908,.055,3.7,16.7,10.0,3.6,1.4,3.5,4.3,9.6,0.2,0.4,0.6,.055,-2.7,0.3,-2.4,-0.1
Ian Clark,SG,27,NOP,36,471,6.4,.496,.507,.079,1.1,9.4,5.4,11.7,0.7,0.7,15.1,16.3,-0.2,0.1,-0.1,-0.013,-3.1,-2.5,-5.6,-0.4
Jordan Clarkson,SG,26,CLE,52,1376,17.5,.544,.365,.144,3.7,10.4,6.9,16.0,1.3,0.6,9.7,28.4,1.3,-0.1,1.2,.041,1.9,-3.8,-1.9,0.0
John Collins,PF,21,ATL,36,1081,22.3,.646,.189,.298,13.1,22.4,17.6,12.6,0.5,1.1,12.4,23.5,3.2,0.5,3.7,.164,3.5,-1.5,2.0,1.1
Zach Collins,C,21,POR,52,969,13.7,.574,.301,.294,8.3,16.1,12.3,7.5,0.9,3.5,14.1,16.4,1.2,1.1,2.3,.113,-0.6,0.9,0.4,0.6
Darren Collison,PG,31,IND,52,1444,15.7,.566,.307,.257,1.7,9.5,5.7,28.7,2.6,0.5,15.0,16.4,2.4,2.1,4.5,.148,0.7,0.1,0.8,1.0
Mike Conley,PG,31,MEM,51,1722,20.4,.557,.378,.317,1.9,9.7,5.7,33.1,2.0,1.0,9.5,27.0,3.4,1.8,5.3,.147,4.0,-1.1,2.9,2.1
Pat Connaughton,SG,26,MIL,32,572,13.7,.533,.594,.114,5.0,15.2,10.4,15.3,1.2,2.2,8.5,14.8,0.8,0.9,1.7,.142,0.1,1.1,1.3,0.5
Quinn Cook,PG,25,GSW,44,649,13.7,.562,.446,.072,2.4,13.4,8.1,16.2,1.1,0.4,10.1,20.8,0.7,0.5,1.2,.088,0.2,-2.5,-2.3,0.0
DeMarcus Cousins,C,28,GSW,7,159,20.9,.548,.231,.410,4.9,28.6,17.2,25.2,2.1,3.2,12.4,28.1,0.3,0.3,0.6,.171,0.5,2.1,2.5,0.2
Robert Covington,SF,28,TOT,35,1203,13.4,.580,.622,.246,2.5,14.7,8.6,5.3,2.9,3.2,10.5,15.6,1.0,1.7,2.7,.108,0.5,2.1,2.6,1.4
Robert Covington,SF,28,PHI,13,440,11.0,.578,.658,.197,1.8,14.2,8.1,4.3,2.6,4.1,14.8,14.2,0.0,0.7,0.7,.079,-1.2,2.5,1.2,0.4
Robert Covington,SF,28,MIN,22,763,14.8,.580,.604,.269,2.9,14.9,8.8,6.0,3.1,2.7,8.4,16.4,1.0,1.0,2.0,.124,1.5,1.9,3.4,1.0
Allen Crabbe,SG,26,BRK,28,732,7.4,.501,.677,.153,1.9,12.3,7.1,5.8,1.1,0.9,10.8,17.1,-0.2,0.6,0.4,.025,-2.1,-0.9,-3.0,-0.2
Torrey Craig,SF,28,DEN,47,1079,10.1,.534,.498,.193,7.1,12.8,9.9,5.8,1.2,2.5,11.9,12.7,0.8,1.1,1.8,.082,-0.9,0.6,-0.3,0.5
Jamal Crawford,SG,38,PHO,44,782,9.4,.474,.423,.250,1.0,6.4,3.7,27.0,1.2,0.9,17.3,20.2,-0.5,0.0,-0.5,-0.030,-3.5,-4.0,-7.5,-1.1
Mitch Creek,SF,26,BRK,3,20,14.3,.518,.000,.800,5.3,21.5,13.4,6.9,2.4,0.0,0.0,14.3,0.0,0.0,0.1,.157,-3.1,0.1,-3.0,0.0
Jae Crowder,SF,28,UTA,53,1463,11.9,.535,.654,.276,3.1,15.4,9.3,8.8,1.4,1.2,9.5,19.2,0.7,1.9,2.6,.085,-0.2,0.3,0.1,0.8
Dante Cunningham,PF,31,SAS,48,769,10.8,.591,.420,.107,6.2,17.5,11.9,7.4,1.3,1.4,11.6,8.9,1.0,0.7,1.7,.106,-0.3,1.0,0.7,0.5
Seth Curry,SG,28,POR,46,820,9.7,.586,.547,.037,2.0,6.8,4.4,7.5,1.1,0.7,12.0,14.6,0.7,0.5,1.2,.068,-0.2,-1.5,-1.7,0.1
Stephen Curry,PG,30,GSW,41,1406,26.3,.666,.588,.242,2.3,13.2,8.0,24.7,1.6,0.8,11.6,30.7,5.5,1.2,6.7,.228,9.2,-2.1,7.1,3.2
Troy Daniels,SG,27,PHO,27,356,10.2,.572,.758,.117,1.9,7.4,4.6,3.7,2.2,0.5,11.2,18.4,0.0,0.1,0.1,.017,-0.7,-3.3,-4.0,-0.2
Anthony Davis,C,25,NOP,41,1519,31.0,.595,.145,.441,9.8,27.5,18.9,18.9,2.2,5.7,7.5,29.8,6.0,2.4,8.5,.267,5.4,3.8,9.2,4.3
Ed Davis,C,29,BRK,53,980,18.0,.629,.010,.481,17.1,34.5,25.8,6.7,1.3,1.6,14.7,12.9,2.3,1.6,3.9,.191,-0.5,1.5,1.0,0.7
Tyler Davis,C,21,OKC,1,1,0.0,.000,.000,.000,100.0,0.0,51.6,0.0,0.0,0.0,0.0,40.7,0.0,0.0,0.0,-0.459,-15.0,-20.4,-35.4,0.0
Dewayne Dedmon,C,29,ATL,42,1042,15.1,.590,.404,.186,6.7,25.3,15.8,8.1,1.9,3.6,14.1,16.6,1.1,1.2,2.3,.105,-1.0,1.5,0.5,0.7
Sam Dekker,SF-PF,24,TOT,33,572,15.3,.537,.201,.159,7.7,15.6,11.5,8.0,2.6,1.1,6.9,16.4,0.6,0.4,1.1,.089,-1.0,-0.3,-1.3,0.1
Sam Dekker,PF,24,CLE,9,169,14.2,.544,.271,.208,5.7,16.5,10.9,8.0,3.2,0.0,8.7,14.9,0.2,0.1,0.3,.078,-0.8,-0.6,-1.4,0.0
Sam Dekker,SF,24,WAS,24,403,15.8,.534,.177,.142,8.5,15.1,11.8,8.1,2.4,1.5,6.3,17.0,0.5,0.3,0.8,.094,-1.1,-0.1,-1.2,0.1
Matthew Dellavedova,PG,28,TOT,36,552,12.5,.588,.550,.219,1.0,9.6,5.2,30.3,0.5,0.0,20.9,18.5,0.7,-0.1,0.6,.053,-0.2,-4.8,-5.0,-0.4
Matthew Dellavedova,PG,28,MIL,12,97,7.6,.482,.579,.211,0.0,10.0,5.3,35.7,1.0,0.0,34.6,13.8,0.0,0.1,0.1,.049,-5.3,-3.0,-8.3,-0.2
Matthew Dellavedova,PG,28,CLE,24,455,13.5,.602,.547,.220,1.2,9.5,5.1,29.2,0.4,0.0,18.8,19.5,0.7,-0.2,0.5,.054,0.8,-5.2,-4.3,-0.3
Luol Deng,SF,33,MIN,13,168,16.4,.589,.421,.333,6.3,16.1,11.2,4.4,2.0,1.0,7.1,17.6,0.3,0.2,0.5,.133,0.2,-1.6,-1.3,0.0
DeMar DeRozan,SG,29,SAS,50,1762,18.8,.524,.046,.327,2.5,16.9,9.8,27.4,1.4,1.2,11.5,28.5,1.9,1.6,3.6,.097,-0.1,0.3,0.2,1.0
Marcus Derrickson,PF,22,GSW,8,45,6.4,.506,.550,.200,7.5,6.9,7.2,0.0,0.0,1.9,12.1,23.4,0.0,0.0,0.0,-0.021,-4.5,-7.2,-11.7,-0.1
Cheick Diallo,PF,22,NOP,35,361,16.0,.605,.020,.324,8.7,26.7,17.9,4.8,1.8,3.9,15.9,15.9,0.4,0.5,0.9,.115,-3.0,1.1,-1.9,0.0
Hamidou Diallo,SG,20,OKC,42,502,10.3,.499,.146,.367,7.3,11.6,9.5,4.5,1.7,1.7,10.3,16.6,0.1,0.7,0.8,.079,-4.0,-0.3,-4.3,-0.3
Gorgui Dieng,C,29,MIN,52,710,16.0,.573,.174,.277,7.4,24.5,15.8,9.2,1.8,3.3,11.3,16.7,1.1,1.0,2.0,.136,-1.4,1.6,0.2,0.4
Spencer Dinwiddie,PG,25,BRK,49,1399,17.7,.598,.440,.418,1.6,7.7,4.6,28.0,1.0,0.6,13.9,24.7,3.3,0.8,4.1,.142,3.0,-2.6,0.4,0.8
Donte DiVincenzo,SG,22,MIL,23,358,8.6,.492,.645,.103,4.0,11.7,8.1,9.6,1.6,1.4,13.9,15.3,-0.1,0.5,0.5,.061,-2.4,0.4,-1.9,0.0
Luka Doncic,SG,19,DAL,50,1604,19.6,.558,.432,.391,3.7,19.4,11.7,28.5,1.7,0.7,14.7,28.8,2.2,2.0,4.2,.126,3.0,0.8,3.9,2.4
Tyler Dorsey,SG,22,ATL,27,251,7.9,.448,.438,.292,3.7,14.7,9.1,9.4,1.3,0.3,9.1,17.8,-0.1,0.1,0.0,-0.006,-4.2,-2.6,-6.7,-0.3
Damyean Dotson,SG,24,NYK,42,1055,11.6,.543,.462,.142,2.3,12.9,7.4,7.9,1.7,0.4,7.6,15.9,0.8,0.4,1.2,.055,-0.5,-1.1,-1.7,0.1
PJ Dozier,SG,22,BOS,4,10,25.0,.583,.333,.000,21.2,21.4,21.3,0.0,0.0,0.0,0.0,25.8,0.0,0.0,0.0,.216,1.0,-10.7,-9.6,0.0
Goran Dragic,PG,32,MIA,14,408,13.4,.510,.372,.266,2.1,9.1,5.6,26.9,1.2,0.8,14.3,25.6,0.1,0.4,0.5,.053,-0.6,-2.0,-2.6,-0.1
Andre Drummond,C,25,DET,48,1582,20.9,.525,.047,.347,16.4,33.3,24.4,6.2,2.3,4.2,13.2,23.6,1.0,3.3,4.3,.130,-2.3,2.9,0.6,1.0
Jared Dudley,PF,33,BRK,43,944,7.1,.523,.637,.184,2.8,10.8,6.8,9.3,1.4,1.1,15.3,10.8,0.2,0.8,1.0,.052,-1.9,0.9,-1.1,0.2
Kris Dunn,PG,24,CHI,27,837,12.6,.487,.145,.151,0.9,13.9,7.4,31.8,2.3,1.5,17.0,21.0,-0.4,0.8,0.3,.019,-2.6,0.5,-2.1,0.0
Kevin Durant,PF,30,GSW,52,1847,24.7,.621,.265,.372,1.6,19.2,10.8,26.3,1.1,2.6,12.7,30.4,5.8,2.0,7.8,.203,4.1,0.3,4.4,3.0
Vince Edwards,SF,22,HOU,2,16,3.9,.375,1.000,.000,6.8,7.3,7.0,0.0,0.0,0.0,0.0,10.8,0.0,0.0,0.0,-0.025,-4.2,-6.2,-10.3,0.0
Henry Ellenson,PF,22,DET,2,25,14.9,.551,.400,.200,0.0,40.9,19.5,6.3,0.0,0.0,0.0,18.6,0.0,0.0,0.1,.148,-3.8,-2.7,-6.4,0.0
Wayne Ellington,SG,31,MIA,25,533,11.0,.547,.842,.087,1.2,8.2,4.7,8.0,2.2,0.5,6.8,16.4,0.4,0.6,1.0,.093,0.7,-1.1,-0.3,0.2
Joel Embiid,C,24,PHI,49,1642,25.7,.590,.212,.539,8.4,34.0,21.5,18.3,0.8,4.6,13.5,33.4,3.8,2.8,6.6,.194,1.5,2.0,3.5,2.3
James Ennis,SF,28,HOU,38,886,11.4,.631,.564,.287,4.4,9.6,6.9,4.0,1.8,1.4,9.5,11.9,1.4,0.5,1.9,.101,0.1,-0.7,-0.6,0.3
Drew Eubanks,PF,21,SAS,12,47,20.8,.742,.000,.571,2.4,25.5,14.0,6.4,1.0,0.0,10.2,18.2,0.2,0.0,0.2,.204,-0.1,-2.3,-2.3,0.0
Jacob Evans,SG,21,GSW,23,99,-1.3,.256,.240,.040,1.1,8.4,4.9,15.4,0.5,0.9,19.1,13.5,-0.3,0.0,-0.2,-0.115,-8.8,-2.2,-11.0,-0.2
Jawun Evans,PG,22,PHO,5,50,2.3,.200,.200,.000,2.2,20.5,11.3,23.0,2.9,0.0,28.6,12.1,-0.2,0.0,-0.1,-0.110,-9.1,0.9,-8.2,-0.1
Tyreke Evans,SG,29,IND,45,923,12.3,.490,.346,.235,3.1,11.6,7.4,17.0,2.4,1.1,14.1,26.7,-0.9,1.4,0.5,.027,-2.5,-0.4,-2.9,-0.2
Dante Exum,PG,23,UTA,39,637,12.7,.530,.252,.368,2.6,8.5,5.6,25.5,1.1,0.6,14.5,21.4,0.5,0.6,1.1,.086,-1.7,-1.4,-3.1,-0.2
Kenneth Faried,C,29,TOT,19,323,21.9,.620,.084,.437,13.4,24.7,18.9,4.8,1.2,3.1,10.7,21.1,0.8,0.4,1.2,.176,-0.8,-1.2,-2.0,0.0
Kenneth Faried,C,29,BRK,12,118,20.9,.622,.119,.381,13.6,26.4,20.0,2.8,0.8,2.7,10.9,19.7,0.3,0.2,0.4,.169,-1.6,-1.8,-3.5,0.0
Kenneth Faried,C,29,HOU,7,205,22.5,.619,.065,.468,13.2,23.8,18.3,6.0,1.4,3.3,10.6,22.0,0.6,0.2,0.8,.180,-0.3,-0.9,-1.2,0.0
Derrick Favors,C,27,UTA,53,1225,20.6,.615,.150,.394,12.9,20.5,16.7,7.3,1.5,4.6,10.5,18.4,2.9,2.2,5.1,.200,0.9,2.9,3.8,1.8
Cristiano Felicio,C,26,CHI,32,307,12.7,.606,.031,.354,8.8,20.9,14.9,7.7,0.8,0.6,15.7,12.8,0.4,0.2,0.6,.092,-3.0,-0.7,-3.7,-0.1
Raymond Felton,PG,34,OKC,15,166,10.8,.438,.395,.118,1.8,11.3,6.5,22.5,1.7,2.0,12.1,22.3,-0.1,0.2,0.1,.030,-3.9,-0.9,-4.8,-0.1
Terrance Ferguson,SG,20,OKC,43,1006,6.8,.564,.626,.109,2.1,6.0,4.0,3.9,1.1,0.9,9.1,10.7,0.6,1.0,1.6,.078,-1.7,-0.3,-2.0,0.0
Yogi Ferrell,PG,25,SAC,42,617,13.4,.546,.396,.169,1.5,10.3,5.8,17.5,1.5,0.6,7.9,16.2,0.9,0.4,1.3,.098,-0.3,-1.7,-1.9,0.0
Dorian Finney-Smith,SF,25,DAL,52,1281,11.5,.564,.486,.224,7.8,12.1,10.0,4.4,2.0,1.7,12.4,13.4,1.1,1.5,2.6,.097,-0.4,1.4,1.0,1.0
Bryn Forbes,PG,25,SAS,54,1549,11.7,.578,.515,.101,0.7,10.2,5.5,10.8,1.0,0.2,9.6,17.8,1.5,0.8,2.3,.072,1.0,-1.8,-0.8,0.5
Evan Fournier,SG,26,ORL,52,1628,11.5,.525,.439,.155,1.6,8.8,5.1,17.8,1.4,0.4,12.7,22.5,-0.1,1.3,1.1,.033,-0.7,-1.6,-2.3,-0.1
De'Aaron Fox,PG,21,SAC,51,1607,18.1,.549,.219,.395,2.0,10.3,6.0,32.6,2.5,1.4,16.1,24.9,2.0,1.5,3.5,.106,1.1,-0.2,0.9,1.2
Melvin Frazier,SG,22,ORL,3,16,-9.7,.000,.333,.000,0.0,6.9,3.4,0.0,3.1,0.0,25.0,10.9,-0.1,0.0,-0.1,-0.236,-14.1,0.4,-13.6,0.0
Tim Frazier,PG,28,NOP,41,776,11.8,.545,.411,.185,3.8,12.0,8.0,28.6,1.3,0.4,21.9,12.4,1.0,0.4,1.3,.083,-0.4,-1.4,-1.8,0.0
Channing Frye,C,35,CLE,26,268,7.8,.493,.667,.138,1.6,16.1,8.5,8.7,0.9,1.3,9.8,16.8,0.0,0.0,0.0,-0.004,-2.5,-2.9,-5.4,-0.2
Markelle Fultz,PG,20,PHI,19,427,10.5,.452,.090,.239,6.7,10.7,8.8,19.6,1.9,0.9,12.7,19.3,-0.1,0.4,0.4,.040,-2.9,-0.1,-3.1,-0.1
Danilo Gallinari,SF,30,LAC,44,1377,19.5,.622,.425,.432,3.2,16.5,10.1,12.0,1.1,0.7,8.4,22.6,4.0,1.1,5.1,.176,3.8,-1.2,2.6,1.6
Langston Galloway,SG,27,DET,49,1061,9.9,.512,.656,.151,3.2,9.0,6.0,7.4,1.0,0.4,4.0,16.0,0.9,0.8,1.7,.078,-0.4,-1.3,-1.7,0.1
Marc Gasol,C,34,MEM,52,1757,17.0,.539,.327,.301,3.4,26.4,14.6,23.0,1.7,3.5,13.6,22.5,1.0,2.9,3.9,.106,-0.4,3.3,2.9,2.2
Pau Gasol,C,38,SAS,23,306,18.2,.557,.123,.395,7.3,34.5,21.0,20.1,0.6,3.6,12.8,15.7,0.6,0.4,1.0,.162,-0.9,2.7,1.8,0.3
Rudy Gay,PF,32,SAS,44,1199,18.3,.602,.230,.187,3.9,22.2,13.2,13.9,1.6,1.8,12.1,21.7,1.9,1.4,3.3,.134,1.1,0.8,1.9,1.2
Paul George,SF,28,OKC,50,1801,24.6,.592,.439,.319,4.3,18.9,11.5,17.7,3.0,1.1,10.0,29.3,5.1,3.4,8.5,.226,5.2,1.0,6.2,3.7
Taj Gibson,PF,33,MIN,51,1301,17.0,.609,.084,.297,10.6,17.8,14.2,7.2,1.6,2.0,11.2,16.0,2.6,1.3,3.9,.143,0.7,0.9,1.5,1.2
Harry Giles,PF,20,SAC,39,496,13.7,.511,.024,.244,7.8,20.0,13.8,16.0,2.2,2.4,16.5,22.7,-0.1,0.6,0.5,.049,-3.3,1.3,-2.0,0.0
Shai Gilgeous-Alexander,PG,20,LAC,53,1385,12.2,.539,.191,.269,2.9,8.0,5.5,16.2,2.0,1.6,15.9,17.9,0.5,1.1,1.6,.055,-1.2,0.3,-0.9,0.4
Rudy Gobert,C,26,UTA,54,1701,24.4,.671,.000,.691,13.0,31.3,22.2,10.9,1.4,5.6,12.1,17.4,5.6,3.6,9.3,.262,1.9,5.3,7.2,4.0
Brandon Goodwin,PG,23,DEN,15,52,9.8,.460,.222,.611,2.1,4.2,3.2,29.5,0.0,0.0,11.6,21.3,0.1,0.0,0.1,.064,-3.5,-6.1,-9.7,-0.1
Aaron Gordon,PF,23,ORL,49,1653,15.3,.537,.334,.238,5.5,18.7,12.0,16.0,1.0,1.7,11.3,21.5,1.3,1.8,3.0,.088,0.0,0.7,0.7,1.1
Eric Gordon,SG,30,HOU,41,1339,10.8,.514,.578,.196,1.1,8.1,4.5,9.9,0.8,0.9,8.9,22.9,0.3,0.2,0.5,.019,-1.3,-3.6,-4.9,-1.0
Marcin Gortat,C,34,LAC,46,738,13.2,.565,.000,.259,10.0,26.0,18.2,12.2,0.4,2.5,19.5,14.7,0.6,0.8,1.4,.093,-2.2,1.4,-0.7,0.2
Devonte' Graham,PG,23,CHO,28,359,10.9,.493,.557,.174,0.6,8.5,4.5,23.6,2.2,0.0,12.7,17.0,0.1,0.3,0.4,.054,-1.2,-2.5,-3.7,-0.2
Treveon Graham,SG,25,BRK,16,365,3.4,.401,.595,.190,3.8,10.9,7.3,6.2,0.8,0.9,13.3,12.2,-0.4,0.2,-0.1,-0.015,-4.3,-0.1,-4.4,-0.2
Jerami Grant,PF,24,OKC,51,1641,13.9,.597,.323,.302,3.2,13.0,8.0,4.1,1.3,3.6,7.2,14.7,2.5,2.4,4.9,.142,-0.8,1.6,0.7,1.1
Jerian Grant,PG,26,ORL,44,776,9.7,.493,.485,.181,2.2,9.3,5.6,22.8,2.3,0.4,19.2,12.9,0.1,0.8,0.9,.056,-2.7,-0.2,-2.9,-0.2
Danny Green,SG,31,TOR,51,1478,11.7,.594,.671,.062,3.4,12.1,7.8,6.0,1.5,2.3,10.5,13.8,1.5,1.7,3.2,.104,1.0,1.3,2.3,1.6
Draymond Green,PF,28,GSW,37,1156,13.1,.488,.369,.203,3.8,22.4,13.5,28.6,2.5,2.8,26.4,13.1,0.6,1.8,2.4,.100,-1.3,3.7,2.4,1.3
Gerald Green,SG,33,HOU,48,1017,11.3,.565,.790,.111,2.5,12.2,7.2,4.4,0.8,1.6,8.1,18.4,0.9,0.3,1.3,.059,-0.2,-3.2,-3.4,-0.4
JaMychal Green,PF,28,MEM,40,890,15.4,.584,.310,.258,8.9,23.4,16.0,6.8,1.9,2.8,15.6,20.9,0.5,1.4,1.9,.101,-1.8,0.9,-0.9,0.2
Jeff Green,PF,32,WAS,50,1383,13.8,.603,.440,.265,3.6,14.7,9.0,9.5,0.9,1.6,11.1,17.6,1.9,0.6,2.6,.089,0.1,-1.1,-1.0,0.3
Blake Griffin,PF,29,DET,49,1791,21.3,.588,.363,.415,3.7,21.4,12.1,26.7,1.1,1.0,14.5,30.4,3.4,2.1,5.5,.146,4.3,0.8,5.1,3.2
Daniel Hamilton,SG,23,ATL,19,204,7.2,.455,.383,.100,5.1,19.7,12.3,14.7,1.4,0.4,20.3,15.6,-0.2,0.1,-0.1,-0.021,-4.8,-0.8,-5.6,-0.2
Tim Hardaway,SG,26,NYK,46,1499,14.6,.531,.464,.321,1.8,9.8,5.6,13.3,1.3,0.3,8.9,25.7,1.2,0.3,1.6,.051,1.3,-3.1,-1.8,0.1
James Harden,SG,29,HOU,49,1837,30.9,.621,.553,.493,2.8,17.9,10.1,42.0,2.8,1.8,15.8,40.2,7.6,1.9,9.6,.250,11.2,0.8,12.0,6.5
Maurice Harkless,SF,25,POR,32,693,11.1,.537,.347,.150,5.3,13.5,9.5,5.0,2.0,3.2,10.2,12.5,0.5,0.9,1.4,.095,-1.2,2.1,0.9,0.5
Montrezl Harrell,C,25,LAC,53,1384,23.6,.637,.015,.507,10.2,16.9,13.7,10.4,1.7,4.0,10.3,22.4,4.1,1.7,5.8,.203,2.7,1.7,4.4,2.2
Devin Harris,PG,35,DAL,40,603,11.9,.545,.553,.330,1.1,9.5,5.4,13.5,2.1,1.1,10.9,18.7,0.5,0.7,1.1,.089,-0.7,-0.6,-1.2,0.1
Gary Harris,SG,24,DEN,32,956,13.9,.526,.389,.225,2.5,8.6,5.6,13.1,1.6,1.3,8.0,21.9,1.0,0.8,1.8,.093,0.2,-1.4,-1.2,0.2
Joe Harris,SG,27,BRK,50,1484,13.3,.626,.512,.153,2.5,10.8,6.6,12.9,0.9,0.5,13.1,17.3,2.4,1.0,3.3,.108,1.4,-0.8,0.6,1.0
Tobias Harris,PF,26,LAC,53,1836,18.9,.607,.305,.261,2.1,21.6,12.2,12.4,1.0,1.0,9.9,23.3,3.7,1.7,5.4,.141,2.1,-0.3,1.8,1.7
Andrew Harrison,SG-PG,24,TOT,17,187,6.0,.443,.472,.340,3.4,8.5,5.9,17.2,1.1,0.9,16.5,16.9,-0.1,0.0,-0.1,-0.029,-3.6,-2.9,-6.5,-0.2
Andrew Harrison,PG,24,MEM,1,5,4.7,.500,.500,.000,0.0,0.0,0.0,0.0,0.0,0.0,0.0,18.2,0.0,0.0,0.0,-0.011,-4.1,-6.1,-10.2,0.0
Andrew Harrison,SG,24,CLE,10,144,6.7,.467,.359,.410,3.0,8.9,5.8,16.5,1.4,1.2,17.8,17.1,-0.1,0.0,-0.1,-0.025,-3.8,-2.5,-6.3,-0.2
Andrew Harrison,SG,24,NOP,6,38,3.2,.349,.833,.167,5.7,8.1,6.9,22.3,0.0,0.0,13.4,16.2,0.0,0.0,0.0,-0.048,-2.7,-4.3,-7.0,0.0
Shaquille Harrison,PG,25,CHI,44,767,11.3,.471,.261,.333,2.1,14.2,8.1,13.6,3.2,1.8,11.2,16.5,-0.4,0.9,0.6,.035,-3.5,1.6,-2.0,0.0
Josh Hart,SG,23,LAL,53,1417,9.9,.529,.594,.180,2.2,12.8,7.7,7.3,1.8,1.9,10.9,14.2,0.3,1.8,2.1,.070,-1.4,1.3,-0.1,0.7
Isaiah Hartenstein,PF,20,HOU,25,201,9.9,.552,.150,.350,11.3,12.7,12.0,9.2,1.5,4.2,22.0,12.8,0.2,0.2,0.3,.079,-2.9,1.2,-1.7,0.0
Udonis Haslem,C,38,MIA,3,14,-4.6,.333,.333,.000,7.5,30.4,18.9,0.0,0.0,0.0,25.0,24.4,-0.1,0.0,-0.1,-0.236,-16.2,-7.5,-23.7,-0.1
Gordon Hayward,PF,28,BOS,47,1209,14.6,.535,.406,.257,3.5,15.5,9.5,18.3,1.8,1.1,12.8,19.2,1.2,1.8,2.9,.117,-0.4,0.8,0.4,0.7
John Henson,C,28,MIL,14,188,17.3,.553,.463,.149,9.4,28.5,19.6,10.1,1.7,5.0,14.4,18.7,0.1,0.4,0.6,.152,-1.6,3.2,1.6,0.2
Juan Hernangomez,PF,23,DEN,50,1166,12.8,.617,.572,.283,5.5,16.7,11.1,5.0,0.9,1.7,9.6,12.6,1.9,1.1,3.0,.125,0.4,-0.3,0.1,0.6
Willy Hernangomez,C,24,CHO,44,607,20.4,.584,.130,.455,15.8,27.6,21.7,10.3,0.9,2.1,14.0,22.8,1.3,0.7,2.0,.157,0.1,-0.6,-0.5,0.2
Mario Hezonja,SF,23,NYK,43,814,10.0,.478,.341,.224,2.1,17.5,9.5,8.2,2.4,0.6,12.6,20.7,-0.9,0.6,-0.3,-0.015,-3.9,-0.9,-4.8,-0.6
Buddy Hield,SG,26,SAC,52,1640,17.7,.608,.471,.123,4.0,12.4,8.1,11.2,0.8,0.9,9.8,24.4,3.0,0.9,3.9,.114,3.4,-2.3,1.1,1.3
Haywood Highsmith,SF,22,PHI,2,9,17.4,.750,1.000,.000,0.0,11.6,5.9,29.8,0.0,0.0,0.0,9.3,0.0,0.0,0.0,.231,3.4,-5.1,-1.7,0.0
Nene Hilario,C,36,HOU,25,333,13.1,.586,.029,.443,6.2,21.3,13.5,7.9,1.3,2.3,6.7,11.7,0.7,0.3,0.9,.133,-2.5,0.3,-2.2,0.0
George Hill,PG,32,TOT,39,898,11.6,.550,.386,.211,3.2,7.7,5.5,14.1,2.0,0.4,11.5,14.5,0.9,0.8,1.7,.093,-0.5,-0.5,-1.1,0.2
George Hill,PG,32,CLE,13,344,13.7,.604,.262,.187,3.7,5.1,4.4,16.4,1.7,0.3,14.7,17.3,0.5,0.0,0.5,.064,0.5,-2.8,-2.3,0.0
George Hill,PG,32,MIL,26,554,10.4,.510,.482,.230,2.8,9.3,6.3,12.7,2.2,0.5,8.9,12.8,0.4,0.8,1.3,.111,-1.1,0.9,-0.3,0.2
Solomon Hill,SF,27,NOP,34,706,6.7,.489,.543,.194,4.4,11.3,8.0,7.5,1.2,0.9,14.1,9.6,0.1,0.3,0.4,.030,-1.7,0.0,-1.7,0.0
Aaron Holiday,PG,22,IND,33,367,12.7,.502,.516,.189,0.9,13.1,7.1,18.4,1.7,2.7,11.3,23.0,0.0,0.6,0.6,.073,-1.6,-0.4,-2.0,0.0
Jrue Holiday,SG,28,NOP,53,1943,19.4,.557,.297,.236,3.6,10.5,7.1,31.7,2.0,1.9,14.7,25.0,3.2,1.4,4.6,.113,2.9,-0.1,2.8,2.4
Justin Holiday,SG,29,TOT,53,1728,9.6,.506,.645,.130,1.5,12.4,6.9,9.1,2.4,1.3,11.7,15.6,-0.7,1.7,1.0,.027,-1.6,0.8,-0.7,0.6
Justin Holiday,SG,29,CHI,38,1325,11.1,.531,.685,.117,1.6,12.3,6.9,9.4,2.5,1.4,10.2,15.3,0.2,1.2,1.4,.049,-0.2,1.0,0.7,0.9
Justin Holiday,SG,29,MEM,15,403,4.8,.419,.504,.177,1.4,12.6,6.9,8.0,2.1,1.0,16.5,16.5,-0.9,0.5,-0.4,-0.046,-5.8,0.5,-5.4,-0.3
John Holland,SF,30,CLE,1,1,0.0,,,,0.0,0.0,0.0,0.0,0.0,0.0,,0.0,0.0,0.0,0.0,-0.037,-6.3,-1.2,-7.5,0.0
Rondae Hollis-Jefferson,SF,24,BRK,43,968,12.3,.461,.105,.392,6.4,19.7,13.1,11.7,1.6,1.8,10.1,21.2,-0.2,1.2,1.0,.048,-4.1,1.0,-3.1,-0.3
Richaun Holmes,C,25,PHO,48,792,22.3,.690,.000,.466,10.8,20.2,15.4,8.3,1.8,6.2,11.7,17.3,2.4,0.8,3.2,.196,0.9,2.2,3.1,1.0
Rodney Hood,SG,26,CLE,45,1234,13.2,.542,.335,.251,1.6,8.9,5.1,11.6,1.5,0.4,6.7,19.2,1.6,-0.1,1.5,.057,0.2,-2.8,-2.7,-0.2
Al Horford,C,32,BOS,42,1186,19.4,.601,.305,.107,7.1,18.4,12.7,19.2,1.3,4.8,13.6,18.4,2.4,2.0,4.4,.177,1.5,3.3,4.9,2.1
Danuel House,SF,25,HOU,25,620,12.6,.631,.645,.355,3.5,12.9,8.0,6.2,1.1,1.4,11.4,14.1,1.1,0.3,1.3,.102,0.1,-1.5,-1.3,0.1
Dwight Howard,C,33,WAS,9,230,17.6,.638,.000,.696,11.2,29.0,19.9,2.6,1.4,1.5,15.1,19.7,0.4,0.2,0.6,.131,-3.0,-2.2,-5.1,-0.2
Kevin Huerter,SG,20,ATL,48,1302,9.7,.529,.553,.098,3.2,9.6,6.3,14.3,1.5,1.2,15.5,15.3,0.3,0.5,0.8,.029,-1.2,-0.9,-2.1,0.0
Chandler Hutchison,SF,22,CHI,44,895,8.9,.507,.239,.182,3.8,18.7,11.2,5.5,1.2,0.6,10.0,12.3,0.0,0.6,0.6,.033,-4.1,-0.2,-4.3,-0.5
Serge Ibaka,C,29,TOR,49,1423,18.0,.577,.203,.203,7.8,20.3,14.2,7.6,0.8,3.8,11.5,23.1,1.8,2.0,3.8,.129,-0.4,0.9,0.5,0.9
Andre Iguodala,SF,35,GSW,47,1108,13.2,.583,.471,.252,3.4,13.5,8.7,16.6,1.8,2.9,13.4,10.3,1.7,1.2,3.0,.128,0.5,1.8,2.3,1.2
Ersan Ilyasova,PF,31,MIL,39,674,11.3,.527,.419,.152,7.9,17.6,13.1,7.0,1.7,1.1,11.8,15.9,0.4,1.2,1.6,.111,-1.7,0.7,-1.1,0.2
Joe Ingles,SF,31,UTA,54,1684,12.3,.555,.573,.175,1.1,12.3,6.7,23.0,2.1,0.6,17.3,17.6,0.8,2.3,3.1,.089,0.1,1.0,1.1,1.3
Brandon Ingram,SF,21,LAL,42,1401,12.7,.538,.125,.377,2.4,12.1,7.5,13.1,0.8,1.5,13.7,22.9,0.1,1.3,1.4,.048,-2.7,-0.3,-2.9,-0.3
Kyrie Irving,PG,26,BOS,44,1439,25.3,.601,.351,.196,3.9,12.1,8.0,35.8,2.6,1.2,12.2,29.4,4.5,2.2,6.7,.223,6.7,0.7,7.4,3.4
Jonathan Isaac,PF,21,ORL,47,1207,11.5,.512,.387,.261,4.9,17.9,11.2,5.9,1.5,3.8,11.8,15.6,0.0,1.7,1.7,.067,-3.2,2.0,-1.2,0.2
Wesley Iwundu,SF,24,ORL,39,654,7.7,.504,.252,.365,2.7,12.0,7.3,6.6,1.2,1.3,11.5,14.0,0.0,0.6,0.6,.041,-4.3,-0.1,-4.4,-0.4
Demetrius Jackson,PG,24,PHI,6,39,21.1,.656,.400,.267,5.6,2.7,4.1,19.7,2.4,0.0,5.6,19.1,0.2,0.0,0.2,.236,4.4,-3.4,0.9,0.0
Frank Jackson,PG,20,NOP,38,557,9.4,.541,.389,.187,1.7,8.8,5.4,7.9,0.9,0.0,10.1,17.7,0.2,0.1,0.4,.031,-1.8,-3.1,-4.9,-0.4
Jaren Jackson,PF,19,MEM,52,1339,16.8,.592,.234,.320,5.4,15.7,10.4,7.6,1.8,5.5,12.7,22.9,1.1,2.1,3.2,.114,-1.2,1.9,0.7,0.9
Josh Jackson,SG,21,PHO,54,1270,10.1,.480,.264,.268,3.6,16.8,10.1,14.7,2.0,2.4,17.4,24.1,-2.2,0.8,-1.4,-0.052,-4.8,-0.1,-4.9,-0.9
Justin Jackson,SF,23,SAC,51,1075,10.3,.549,.539,.171,2.4,11.8,7.0,8.1,1.0,1.0,6.5,13.0,1.1,0.6,1.7,.075,-0.6,-0.8,-1.4,0.2
Reggie Jackson,PG,28,DET,51,1486,14.0,.532,.456,.236,2.3,8.7,5.4,24.1,1.2,0.3,11.1,22.7,1.7,1.2,3.0,.096,1.2,-1.6,-0.4,0.6
LeBron James,PF,34,LAL,35,1219,26.0,.597,.291,.400,2.9,21.4,12.5,34.6,1.7,1.6,13.1,31.1,3.2,1.8,5.0,.197,5.7,1.9,7.6,2.9
Amile Jefferson,PF,25,ORL,1,4,17.9,.532,.000,2.000,26.4,0.0,13.5,0.0,0.0,0.0,0.0,20.6,0.0,0.0,0.0,.257,0.1,-8.5,-8.4,0.0
Jonas Jerebko,PF,31,GSW,48,896,13.7,.602,.545,.225,7.1,20.1,13.9,10.5,0.8,0.8,11.2,14.9,1.7,0.8,2.5,.134,1.2,-0.9,0.3,0.5
Alize Johnson,PF,22,IND,11,32,-0.4,.255,.200,.400,3.5,23.9,13.9,0.0,0.0,2.8,0.0,16.0,-0.1,0.0,-0.1,-0.097,-12.8,-4.2,-17.0,-0.1
Amir Johnson,C,31,PHI,37,354,13.6,.611,.233,.291,8.1,20.3,14.4,18.2,1.5,1.8,22.1,17.7,0.4,0.5,0.8,.113,-1.2,0.7,-0.4,0.1
James Johnson,PF,31,MIA,35,727,10.3,.504,.381,.146,2.3,13.5,7.9,16.9,1.3,1.5,14.3,18.0,0.0,0.8,0.8,.053,-2.6,0.1,-2.5,-0.1
Stanley Johnson,SF,22,DET,46,910,9.2,.469,.519,.143,2.7,17.6,9.8,9.4,2.5,1.1,13.4,19.3,-0.9,1.3,0.4,.019,-3.5,1.1,-2.5,-0.1
Tyler Johnson,PG,26,MIA,43,1094,12.8,.544,.508,.223,1.8,9.7,5.8,15.4,1.8,1.6,12.5,19.3,0.6,1.2,1.9,.083,-0.3,-0.2,-0.5,0.4
Wesley Johnson,SF,31,NOP,26,377,7.1,.517,.568,.102,2.9,12.0,7.5,5.2,1.5,1.5,11.5,11.4,0.0,0.2,0.3,.034,-2.1,-0.4,-2.5,0.0
Nikola Jokic,C,23,DEN,51,1600,27.6,.594,.241,.299,10.1,26.7,18.4,38.8,2.2,2.0,15.5,27.5,5.7,2.6,8.3,.249,6.7,3.6,10.3,5.0
Damian Jones,C,23,GSW,24,410,15.5,.720,.000,.500,8.5,11.1,9.8,8.7,1.4,5.1,15.1,11.0,1.0,0.5,1.5,.173,0.9,2.3,3.2,0.5
Derrick Jones,SF,21,MIA,37,668,16.7,.578,.256,.360,10.6,15.2,12.9,4.1,2.2,3.3,9.6,16.6,1.0,1.1,2.1,.150,-0.5,1.2,0.7,0.5
Jalen Jones,SF,25,CLE,16,214,11.8,.548,.452,.435,5.5,12.5,8.9,4.8,2.1,0.8,9.8,16.8,0.2,0.0,0.2,.055,-1.0,-2.4,-3.4,-0.1
Tyus Jones,PG,22,MIN,43,873,12.6,.461,.312,.160,1.6,7.3,4.4,26.3,3.0,0.3,9.6,13.5,0.8,0.7,1.5,.082,-1.1,-0.8,-1.9,0.0
DeAndre Jordan,C,30,DAL,50,1554,18.2,.672,.000,.613,11.4,35.3,23.7,9.5,1.0,2.8,21.3,14.3,2.9,2.7,5.6,.172,-0.9,3.6,2.6,1.8
Cory Joseph,PG,27,IND,52,1338,11.2,.497,.331,.085,1.9,13.1,7.6,20.3,2.2,0.7,14.2,13.9,0.4,2.0,2.4,.087,-1.7,1.3,-0.4,0.5
Frank Kaminsky,C,25,CHO,24,271,16.1,.583,.443,.361,7.5,16.5,11.9,14.4,0.9,1.6,13.8,20.7,0.4,0.2,0.6,.107,0.7,-1.4,-0.7,0.1
Enes Kanter,C,26,NYK,44,1128,22.0,.585,.047,.276,15.3,28.1,21.4,12.9,0.8,1.3,13.1,22.7,2.6,0.8,3.4,.145,1.4,-0.3,1.1,0.9
Luke Kennard,SG,22,DET,33,665,10.0,.523,.494,.107,0.8,14.9,7.5,9.9,1.0,0.8,9.9,18.1,0.0,0.6,0.7,.048,-2.4,-0.7,-3.1,-0.2
Michael Kidd-Gilchrist,PF,25,CHO,45,893,15.0,.560,.130,.396,9.2,15.0,12.1,7.1,1.4,3.3,9.4,16.8,1.5,0.9,2.3,.126,-0.8,0.7,-0.1,0.4
George King,SF,25,PHO,1,6,1.9,,,,0.0,19.0,9.4,0.0,0.0,0.0,,0.0,0.0,0.0,0.0,-0.001,-8.7,-1.7,-10.4,0.0
Maxi Kleber,PF,27,DAL,47,900,13.7,.574,.591,.211,6.7,15.7,11.3,5.6,1.3,5.3,10.6,13.4,1.1,1.3,2.3,.125,-0.6,2.7,2.1,0.9
Brandon Knight,PG,27,HOU,12,118,0.9,.347,.681,.234,0.9,7.9,4.3,10.9,0.8,0.0,8.8,20.9,-0.3,0.0,-0.3,-0.121,-6.6,-5.1,-11.7,-0.3
Kevin Knox,PF,19,NYK,44,1216,9.0,.475,.399,.235,3.1,13.4,8.0,5.1,1.0,1.0,9.3,22.2,-1.0,0.4,-0.7,-0.026,-3.2,-2.7,-5.9,-1.2
Furkan Korkmaz,SG,21,PHI,42,595,11.6,.528,.606,.167,2.4,14.5,8.6,11.1,2.1,0.3,9.0,18.0,0.4,0.6,1.0,.081,-0.7,-1.3,-2.0,0.0
Luke Kornet,PF,23,NYK,24,366,17.4,.594,.654,.173,3.9,13.7,8.6,13.1,1.8,2.8,8.9,18.2,0.7,0.2,0.9,.124,2.2,-0.5,1.7,0.3
Kyle Korver,SG-PF,37,TOT,48,898,12.5,.618,.702,.165,0.7,12.1,6.4,8.2,0.7,0.8,10.6,18.6,1.1,0.6,1.7,.090,0.7,-2.2,-1.6,0.1
Kyle Korver,PF,37,CLE,16,251,11.5,.650,.711,.211,0.0,13.5,6.4,10.3,0.6,0.7,17.0,17.5,0.3,0.0,0.2,.042,-0.1,-3.7,-3.7,-0.1
Kyle Korver,SG,37,UTA,32,647,12.9,.608,.699,.150,1.0,11.6,6.3,7.4,0.7,0.9,8.4,19.0,0.8,0.7,1.5,.109,0.9,-1.6,-0.7,0.2
Kosta Koufos,C,29,SAC,29,365,13.0,.493,.000,.140,11.1,27.2,19.0,9.5,1.5,3.1,15.0,15.1,0.1,0.5,0.6,.079,-3.7,2.0,-1.8,0.0
Rodions Kurucs,SF,20,BRK,37,777,11.9,.560,.353,.201,5.2,14.4,9.8,4.7,1.4,1.0,12.7,18.8,0.4,0.7,1.1,.071,-2.0,-0.9,-2.9,-0.2
Kyle Kuzma,SF,23,LAL,49,1606,14.8,.557,.396,.229,2.8,14.8,9.0,11.2,1.0,0.9,11.1,23.9,1.1,1.6,2.7,.081,-0.1,-0.9,-1.0,0.4
Skal Labissiere,PF,22,SAC,12,101,6.4,.518,.370,.407,2.0,18.9,10.3,6.3,0.9,1.7,15.9,15.5,-0.1,0.1,0.0,.015,-4.9,-0.9,-5.8,-0.1
Jeremy Lamb,SG,26,CHO,49,1396,16.0,.544,.324,.250,3.0,18.3,10.6,10.7,1.6,0.8,6.7,22.0,1.7,1.3,3.0,.104,0.1,-0.9,-0.8,0.4
Zach LaVine,SG,23,CHI,46,1557,17.7,.562,.281,.320,1.6,12.6,7.1,22.0,1.4,1.0,14.4,30.9,0.6,0.9,1.5,.046,0.9,-1.6,-0.8,0.5
Jake Layman,SF,24,POR,41,696,14.5,.612,.454,.115,5.0,12.3,8.7,5.4,1.2,1.6,9.1,16.0,1.1,0.6,1.8,.121,0.8,-0.8,0.0,0.4
T.J. Leaf,PF,21,IND,31,252,14.3,.566,.226,.167,7.7,17.3,12.6,8.1,0.8,2.1,10.0,17.3,0.3,0.3,0.6,.117,-1.8,-0.4,-2.2,0.0
Courtney Lee,SG,33,NYK,12,160,13.9,.527,.340,.298,3.8,14.4,8.9,14.9,2.4,1.1,8.6,15.4,0.2,0.1,0.3,.085,-0.9,-0.1,-1.0,0.0
Damion Lee,SG,26,GSW,17,202,11.6,.618,.524,.206,2.2,14.3,8.5,1.9,1.9,0.0,10.4,16.2,0.2,0.2,0.4,.088,-1.1,-2.8,-3.9,-0.1
Alex Len,C,25,ATL,48,945,16.0,.547,.217,.340,11.8,19.9,15.8,7.9,0.9,4.2,13.8,22.7,0.7,0.7,1.4,.071,-1.9,-0.4,-2.3,-0.1
Kawhi Leonard,SF,27,TOR,39,1367,26.9,.610,.253,.398,4.3,19.8,12.2,15.1,2.6,1.1,8.3,30.1,4.6,2.2,6.8,.237,4.7,0.8,5.5,2.6
Meyers Leonard,C,26,POR,48,702,16.9,.682,.465,.202,6.2,22.5,14.5,12.1,0.9,1.0,14.0,15.1,1.8,0.7,2.6,.175,2.1,0.0,2.1,0.7
Jon Leuer,PF,29,DET,31,343,14.5,.635,.091,.293,6.7,20.9,13.4,5.7,1.7,1.0,15.8,16.5,0.4,0.5,0.9,.122,-2.6,0.4,-2.3,0.0
Caris LeVert,SF,24,BRK,14,416,18.3,.557,.299,.299,3.6,11.9,7.7,21.2,2.0,0.9,11.5,26.5,0.6,0.4,1.0,.114,1.4,-0.5,0.9,0.3
Damian Lillard,PG,28,POR,51,1801,24.0,.592,.396,.353,2.5,11.0,6.8,28.8,1.5,1.1,11.1,30.1,6.0,1.5,7.6,.201,6.3,-1.1,5.2,3.2
Jeremy Lin,PG,30,ATL,47,923,16.1,.598,.344,.457,1.7,11.1,6.3,27.2,1.7,0.6,18.0,22.6,1.4,0.4,1.8,.096,0.3,-2.4,-2.1,0.0
Shaun Livingston,PG,33,GSW,41,630,12.5,.531,.013,.274,5.0,8.5,6.8,16.3,1.6,2.5,12.4,13.6,0.8,0.5,1.4,.104,-1.7,0.3,-1.4,0.1
Zach Lofton,SG,26,DET,1,4,-9.9,.000,1.000,.000,0.0,0.0,0.0,0.0,12.2,0.0,50.0,21.3,-0.1,0.0,0.0,-0.442,-17.0,8.2,-8.8,0.0
Kevon Looney,C,22,GSW,52,1092,17.6,.636,.040,.312,14.1,16.4,15.3,11.4,1.3,3.5,11.1,12.3,3.2,1.3,4.4,.196,2.2,2.0,4.3,1.7
Brook Lopez,C,30,MIL,51,1426,14.4,.611,.687,.136,1.5,13.0,7.6,4.9,0.8,6.5,8.7,16.6,1.6,2.5,4.1,.138,0.2,2.4,2.6,1.7
Robin Lopez,C,30,CHI,45,759,12.0,.554,.079,.201,8.7,10.2,9.4,8.5,0.5,4.7,18.9,17.8,-0.1,0.4,0.4,.024,-3.7,0.6,-3.1,-0.2
Kevin Love,PF,30,CLE,4,136,15.7,.478,.369,.508,7.9,37.7,22.1,16.0,0.4,0.6,11.2,28.9,0.0,0.1,0.1,.025,-1.9,-2.6,-4.5,-0.1
Kyle Lowry,PG,32,TOR,42,1442,16.8,.552,.589,.271,1.8,12.0,7.0,36.6,1.9,1.2,18.2,19.4,2.5,1.7,4.2,.140,2.5,0.1,2.6,1.7
Jordan Loyd,PG,25,TOR,5,24,19.3,.888,.400,.800,4.6,26.5,15.7,11.2,0.0,0.0,22.8,15.6,0.1,0.0,0.1,.239,1.9,-1.5,0.3,0.0
Kalin Lucas,PG,29,DET,1,6,16.6,.532,1.000,2.000,0.0,56.8,27.1,21.1,0.0,0.0,0.0,13.4,0.0,0.0,0.0,.233,-1.1,0.6,-0.5,0.0
Timothe Luwawu-Cabarrot,SF,23,OKC,21,123,3.6,.383,.512,.140,3.3,11.9,7.5,4.1,1.5,0.7,9.9,16.7,-0.2,0.2,-0.1,-0.025,-6.6,-1.7,-8.3,-0.2
Tyler Lydon,PF,22,DEN,20,79,8.9,.606,.625,.188,6.9,12.5,9.7,6.5,1.3,0.0,18.8,11.6,0.1,0.1,0.1,.071,-1.2,-1.6,-2.7,0.0
Trey Lyles,PF,23,DEN,50,935,13.0,.498,.388,.234,4.6,19.8,12.2,10.5,1.3,1.9,10.7,23.5,0.0,1.1,1.1,.055,-2.4,-1.0,-3.4,-0.3
Shelvin Mack,PG,28,MEM,51,1162,11.7,.510,.325,.200,1.7,8.3,5.0,24.2,1.8,0.2,12.8,18.3,0.3,1.1,1.4,.056,-1.9,-1.5,-3.4,-0.4
Daryl Macon,SG,23,DAL,3,5,15.7,1.000,.000,.000,0.0,0.0,0.0,0.0,9.7,0.0,50.0,17.0,0.0,0.0,0.0,.006,-3.3,5.6,2.3,0.0
J.P. Macura,SG,23,CHO,1,14,0.6,.250,.500,.000,0.0,15.6,7.7,20.5,0.0,0.0,0.0,24.6,-0.1,0.0,-0.1,-0.208,-8.1,-4.9,-12.9,0.0
Ian Mahinmi,C,32,WAS,30,436,12.5,.562,.150,.738,9.6,17.4,13.4,7.2,2.5,3.0,15.2,12.3,0.5,0.5,1.0,.109,-2.1,1.9,-0.2,0.2
Thon Maker,C,21,MIL,35,409,13.1,.546,.582,.276,4.6,18.8,12.2,5.8,1.1,3.8,5.7,16.4,0.4,0.8,1.2,.137,-1.4,0.7,-0.6,0.1
Boban Marjanovic,C,30,LAC,34,359,25.2,.668,.015,.672,15.6,26.3,21.1,9.0,1.2,3.7,16.8,24.6,1.2,0.5,1.7,.222,1.2,0.3,1.5,0.3
Lauri Markkanen,PF,21,CHI,30,947,16.1,.552,.444,.199,3.8,23.9,13.8,5.3,1.2,2.1,9.0,24.3,0.3,0.9,1.3,.065,-1.2,-1.6,-2.7,-0.2
Jarell Martin,PF,24,ORL,28,234,8.7,.517,.423,.113,3.2,18.4,10.6,8.1,0.4,2.5,11.8,15.8,0.0,0.2,0.2,.041,-4.3,-0.6,-4.9,-0.2
Frank Mason,PG,24,SAC,33,383,12.3,.484,.338,.353,1.1,8.8,4.9,28.0,1.9,0.9,15.6,20.1,0.0,0.3,0.3,.039,-2.4,-2.2,-4.7,-0.3
Wesley Matthews,SF,32,DAL,44,1312,11.5,.556,.561,.235,1.7,6.5,4.2,11.6,1.2,0.8,10.1,18.7,1.2,0.9,2.2,.079,0.4,-1.2,-0.8,0.4
Luc Mbah a Moute,PF,32,LAC,4,61,6.9,.495,.333,.278,3.6,8.4,6.1,4.6,0.8,1.3,9.0,15.4,0.0,0.0,0.0,.012,-3.1,-1.9,-5.0,0.0
Patrick McCaw,SG,23,TOT,9,101,0.7,.267,.500,.125,3.3,12.9,8.1,8.4,2.4,0.0,32.2,10.7,-0.3,0.1,-0.2,-0.101,-7.5,0.6,-6.8,-0.1
Patrick McCaw,SG,23,CLE,3,53,-0.7,.278,.444,.000,0.0,6.6,3.2,5.0,1.9,0.0,25.0,9.9,-0.2,0.0,-0.2,-0.142,-8.0,-1.4,-9.4,-0.1
Patrick McCaw,SG,23,TOR,6,48,2.1,.254,.571,.286,6.9,19.9,13.5,12.3,3.0,0.0,38.8,11.5,-0.1,0.1,-0.1,-0.057,-6.9,2.9,-4.0,0.0
CJ McCollum,SG,27,POR,51,1733,16.8,.550,.334,.159,2.8,9.1,6.0,13.0,1.2,0.8,7.7,25.8,2.6,1.2,3.8,.106,1.7,-1.9,-0.3,0.7
T.J. McConnell,PG,26,PHI,47,993,13.6,.573,.124,.100,2.1,9.2,5.8,25.8,2.7,1.1,18.6,14.0,1.1,1.2,2.3,.109,-1.2,0.2,-1.1,0.2
Doug McDermott,SF,27,IND,51,891,10.3,.606,.563,.199,1.3,7.1,4.2,6.5,0.6,0.6,9.0,15.2,1.0,0.8,1.8,.097,-0.3,-2.0,-2.4,-0.1
JaVale McGee,C,31,LAL,46,999,20.4,.608,.022,.244,11.7,20.2,16.1,5.3,1.3,7.6,14.4,19.8,1.4,1.9,3.2,.155,-1.6,3.4,1.8,1.0
Rodney McGruder,SG,27,MIA,47,1208,9.3,.513,.473,.130,3.6,11.4,7.5,11.8,1.1,0.6,12.3,16.0,0.3,1.1,1.4,.056,-1.6,-0.4,-2.0,0.0
Alfonzo McKinnie,SF,26,GSW,43,634,11.4,.558,.418,.153,9.9,17.1,13.7,3.3,0.7,1.3,9.0,14.9,0.7,0.5,1.2,.093,-0.9,-2.2,-3.1,-0.2
Ben McLemore,SG,25,SAC,19,158,10.6,.541,.641,.188,1.9,9.4,5.6,3.4,1.8,1.6,6.7,19.4,0.1,0.1,0.2,.056,-1.0,-2.6,-3.6,-0.1
Jordan McRae,SG,27,WAS,13,88,13.6,.527,.265,.265,3.7,11.6,7.5,8.3,2.2,1.0,7.3,19.9,0.0,0.1,0.1,.050,-2.7,-2.2,-4.8,-0.1
Salah Mejri,C,32,DAL,16,108,15.7,.587,.071,.286,12.3,25.2,18.9,8.3,0.9,2.3,11.3,14.0,0.2,0.1,0.4,.164,-1.7,1.0,-0.7,0.0
De'Anthony Melton,PG,20,PHO,33,675,9.7,.450,.399,.093,2.6,11.8,7.2,22.7,3.6,2.1,21.5,16.4,-0.7,0.6,-0.2,-0.011,-3.6,1.2,-2.4,-0.1
Chimezie Metu,PF,21,SAS,22,115,8.6,.413,.043,.362,7.7,18.0,12.9,13.0,2.1,1.5,18.1,25.4,-0.3,0.1,-0.2,-0.068,-7.5,-0.3,-7.8,-0.2
Khris Middleton,SF,27,MIL,49,1529,16.0,.565,.441,.223,1.7,16.5,9.6,19.2,1.6,0.2,12.8,23.8,1.7,2.4,4.1,.127,0.7,0.1,0.8,1.1
C.J. Miles,SF,31,TOR,38,540,7.4,.466,.660,.200,2.0,10.6,6.4,5.2,1.5,1.4,8.4,18.8,-0.3,0.6,0.2,.019,-2.6,-1.3,-3.9,-0.3
Darius Miller,SF,28,NOP,48,1201,8.4,.564,.766,.128,0.6,6.6,3.7,8.4,1.3,1.3,10.3,12.7,0.8,0.4,1.2,.049,0.2,-1.2,-0.9,0.3
Patty Mills,PG,30,SAS,54,1281,13.4,.582,.587,.185,1.4,9.4,5.5,17.0,1.4,0.6,12.3,17.6,1.7,0.9,2.5,.096,1.7,-1.6,0.1,0.7
Paul Millsap,PF,33,DEN,44,1130,18.2,.566,.214,.389,8.5,19.0,13.8,10.5,2.3,2.9,11.1,19.9,2.0,1.7,3.7,.155,0.5,1.7,2.2,1.2
Shake Milton,SG,22,PHI,13,126,15.0,.560,.543,.109,6.1,10.7,8.5,14.8,1.5,1.9,5.9,17.0,0.3,0.1,0.4,.143,1.4,-1.2,0.2,0.1
Nikola Mirotic,PF,27,NOP,32,925,17.9,.591,.568,.248,5.4,24.2,15.0,5.3,1.1,2.2,7.6,21.9,1.7,0.9,2.6,.135,1.7,-1.7,0.0,0.5
Donovan Mitchell,SG,22,UTA,50,1658,16.3,.521,.347,.253,2.2,10.4,6.3,21.4,2.2,0.9,11.4,31.4,0.1,2.3,2.4,.069,0.2,-0.3,-0.1,0.8
Naz Mitrou-Long,SG,25,UTA,10,39,-2.9,.313,.750,.000,0.0,5.6,2.8,13.4,0.0,0.0,27.3,12.1,-0.1,0.0,-0.1,-0.105,-8.3,-2.4,-10.7,-0.1
Malik Monk,SG,20,CHO,49,919,13.4,.535,.538,.188,1.0,9.2,5.1,15.5,1.4,1.2,12.0,25.7,0.1,0.6,0.7,.038,-0.1,-3.0,-3.1,-0.2
Greg Monroe,C,28,TOR,36,385,13.6,.482,.028,.393,15.7,23.9,19.9,5.6,1.5,1.7,14.6,22.1,-0.1,0.6,0.5,.065,-4.4,-0.5,-5.0,-0.3
E'Twaun Moore,SF,29,NOP,44,1294,11.4,.563,.314,.109,2.7,6.1,4.5,9.4,1.2,0.4,9.3,16.9,1.2,0.3,1.5,.057,0.0,-1.9,-1.8,0.1
Eric Moreland,PF,27,PHO,1,5,4.0,,,,0.0,68.5,33.8,0.0,0.0,0.0,,0.0,0.0,0.0,0.0,.076,-14.0,-3.9,-17.9,0.0
Jaylen Morris,SG,23,MIL,4,29,12.3,.460,.300,.200,0.0,16.8,8.9,18.1,3.2,0.0,8.4,17.3,0.0,0.1,0.1,.089,-3.7,0.9,-2.8,0.0
Marcus Morris,PF,29,BOS,48,1315,16.4,.609,.466,.203,3.5,20.2,11.8,7.8,1.1,1.1,9.5,20.9,2.2,1.9,4.1,.149,0.9,-0.7,0.2,0.7
Markieff Morris,PF,29,WAS,34,883,12.5,.543,.439,.223,5.0,17.0,10.9,9.8,1.3,1.9,11.5,19.7,0.4,0.6,1.0,.056,-1.1,-0.8,-1.9,0.0
Monte Morris,PG,23,DEN,52,1297,16.7,.575,.317,.106,1.9,9.7,5.8,22.4,1.9,0.1,6.9,16.9,3.1,1.1,4.2,.156,1.9,-1.4,0.5,0.8
Johnathan Motley,PF,23,LAC,12,83,18.5,.536,.045,.523,17.2,16.1,16.6,10.3,1.1,0.9,15.6,32.7,0.0,0.1,0.1,.053,-2.0,-3.2,-5.2,-0.1
Emmanuel Mudiay,PG,22,NYK,39,1036,15.9,.533,.275,.259,2.4,10.0,6.1,24.8,1.4,1.1,13.4,25.4,0.6,0.3,0.9,.042,0.4,-2.1,-1.6,0.1
Jamal Murray,PG,21,DEN,47,1574,15.4,.528,.328,.192,3.1,11.1,7.1,21.6,1.2,1.0,12.0,25.5,1.6,1.2,2.8,.085,0.5,-1.4,-0.9,0.5
Dzanan Musa,SG,19,BRK,7,26,5.6,.403,.429,.143,4.1,8.3,6.2,6.5,3.7,0.0,16.8,29.0,-0.1,0.0,-0.1,-0.171,-7.9,-2.2,-10.1,-0.1
Mike Muscala,PF,27,PHI,46,1009,10.6,.558,.716,.255,5.6,14.9,10.4,8.1,0.8,2.1,12.1,14.4,0.9,1.0,1.9,.090,-0.2,-0.3,-0.6,0.4
Sviatoslav Mykhailiuk,SF,21,LAL,38,408,5.7,.448,.651,.124,2.1,5.8,4.0,10.1,1.5,0.0,12.8,15.8,-0.4,0.3,-0.1,-0.009,-3.5,-1.9,-5.4,-0.4
Abdel Nader,SF,25,OKC,33,319,9.9,.554,.380,.139,1.9,17.0,9.4,3.8,1.0,0.5,10.2,16.3,0.1,0.4,0.5,.081,-4.0,-1.9,-5.9,-0.3
Larry Nance,C,26,CLE,43,1089,18.7,.581,.145,.318,9.1,24.9,16.7,18.0,2.8,2.3,14.6,15.2,2.0,0.9,3.0,.131,1.1,2.6,3.6,1.6
Shabazz Napier,PG,27,BRK,42,743,16.1,.546,.492,.344,1.9,9.1,5.5,19.9,2.2,1.4,12.0,24.6,0.9,0.8,1.6,.106,0.7,-1.1,-0.4,0.3
Raul Neto,PG,26,UTA,19,228,13.9,.617,.386,.200,1.0,12.9,6.9,25.3,1.7,0.0,19.1,17.7,0.3,0.3,0.6,.120,-0.8,-0.8,-1.5,0.0
Georges Niang,PF,25,UTA,40,303,11.5,.585,.686,.108,2.5,16.5,9.5,9.8,1.1,0.8,10.8,17.0,0.3,0.4,0.6,.102,-0.6,-0.8,-1.4,0.0
Joakim Noah,C,33,MEM,25,331,14.6,.518,.000,.446,10.5,29.3,19.6,15.7,1.7,4.1,19.7,18.8,0.0,0.6,0.6,.085,-4.6,3.5,-1.1,0.1
Nerlens Noel,C,24,OKC,47,675,19.9,.606,.000,.273,11.8,21.2,16.4,5.0,3.2,8.4,12.8,13.6,1.2,1.8,3.0,.212,-1.7,6.1,4.4,1.1
Dirk Nowitzki,PF,40,DAL,21,214,7.2,.464,.633,.122,0.0,18.1,9.3,4.9,0.2,2.3,5.0,19.9,-0.1,0.2,0.1,.015,-4.3,-2.2,-6.5,-0.2
Frank Ntilikina,PG,20,NYK,41,872,6.3,.419,.400,.102,1.2,9.0,4.9,19.2,1.7,1.4,15.8,16.6,-1.2,0.3,-0.8,-0.046,-4.1,-1.1,-5.2,-0.7
James Nunnally,SF,28,TOT,15,102,7.4,.503,.735,.118,0.0,5.4,2.6,9.7,0.5,0.0,2.7,15.3,0.1,0.0,0.1,.039,-1.5,-4.8,-6.3,-0.1
James Nunnally,SF,28,MIN,13,64,12.2,.593,.619,.190,0.0,6.8,3.3,11.1,0.8,0.0,4.2,15.6,0.1,0.0,0.1,.107,0.4,-4.1,-3.7,0.0
James Nunnally,SF,28,HOU,2,38,-0.7,.346,.923,.000,0.0,3.1,1.5,7.3,0.0,0.0,0.0,14.8,-0.1,0.0,-0.1,-0.077,-4.7,-5.9,-10.6,-0.1
Jusuf Nurkic,C,24,POR,51,1397,23.3,.561,.043,.442,13.6,26.2,20.0,17.8,1.9,4.6,14.7,24.5,2.9,2.5,5.4,.185,1.3,4.0,5.3,2.6
David Nwaba,SG,26,CLE,22,361,12.9,.532,.333,.514,3.6,16.1,9.6,6.6,1.9,1.7,6.5,16.8,0.3,0.1,0.5,.062,-1.6,-1.4,-3.0,-0.1
Royce O'Neale,SF,25,UTA,54,987,9.0,.568,.457,.159,1.9,17.8,9.9,10.0,1.7,1.3,17.7,11.7,0.2,1.5,1.6,.080,-2.7,2.2,-0.5,0.4
Kyle O'Quinn,C,28,IND,28,199,15.9,.510,.135,.135,9.7,26.9,18.5,22.7,0.7,6.8,17.8,20.8,0.1,0.4,0.5,.115,-2.8,4.2,1.3,0.2
Semi Ojeleye,PF,24,BOS,38,392,8.6,.526,.580,.179,4.3,11.8,8.0,4.1,0.7,0.5,9.0,14.6,0.1,0.4,0.5,.064,-2.5,-2.0,-4.5,-0.2
Jahlil Okafor,C,23,NOP,34,460,19.7,.611,.006,.263,12.0,21.6,16.9,5.4,0.8,4.3,11.1,20.2,0.9,0.4,1.4,.145,-0.9,-0.5,-1.4,0.1
Elie Okobo,PG,21,PHO,36,669,8.2,.484,.437,.141,1.3,10.9,6.1,19.7,1.6,0.6,16.6,17.5,-0.4,0.2,-0.2,-0.018,-3.3,-2.1,-5.4,-0.6
Josh Okogie,SG,20,MIN,44,968,7.9,.467,.446,.334,2.5,11.7,7.0,7.2,2.0,1.4,10.8,16.5,-0.5,0.8,0.3,.016,-2.9,-0.1,-3.0,-0.2
Victor Oladipo,SG,26,IND,36,1147,17.8,.519,.367,.240,2.1,17.2,9.8,25.1,2.6,0.9,11.2,27.7,0.6,2.0,2.6,.107,1.3,1.0,2.3,1.3
Kelly Olynyk,PF,27,MIA,48,968,14.8,.609,.640,.360,4.7,18.4,11.5,12.3,1.4,1.4,15.7,18.8,1.3,1.3,2.6,.127,0.8,0.1,0.9,0.7
Cedi Osman,SF,23,CLE,51,1608,10.8,.529,.437,.232,1.9,15.0,8.2,10.9,1.2,0.5,12.3,18.9,0.3,0.0,0.3,.009,-1.0,-1.9,-3.0,-0.4
Kelly Oubre,SF,23,TOT,52,1386,13.9,.540,.430,.282,3.6,15.1,9.2,5.9,1.8,2.8,9.3,22.4,0.4,0.9,1.3,.047,-1.6,-1.4,-3.0,-0.3
Kelly Oubre,SF,23,WAS,29,755,13.5,.545,.433,.279,3.4,15.7,9.4,3.9,1.7,2.3,8.1,21.1,0.3,0.6,0.9,.058,-1.8,-1.7,-3.5,-0.3
Kelly Oubre,SF,23,PHO,23,631,14.5,.534,.426,.285,3.9,14.3,9.0,8.2,1.8,3.4,10.6,23.9,0.1,0.4,0.4,.034,-1.3,-1.0,-2.3,-0.1
Zaza Pachulia,C,34,DET,41,610,15.4,.537,.030,.674,13.4,21.6,17.3,14.4,2.3,1.5,16.7,14.7,0.9,1.0,1.9,.150,-1.2,3.1,1.8,0.6
Jabari Parker,PF,23,CHI,39,1042,14.7,.543,.246,.233,4.3,20.9,12.6,13.8,1.1,1.2,14.1,25.2,-0.2,0.8,0.6,.028,-2.0,-0.8,-2.7,-0.2
Tony Parker,PG,36,CHO,45,828,15.6,.511,.103,.294,1.4,7.2,4.3,33.7,1.0,0.5,12.3,25.3,0.7,0.3,1.0,.060,-1.2,-3.7,-5.0,-0.6
Chandler Parsons,SF,30,MEM,3,46,7.0,.500,.588,.000,2.4,7.7,5.0,7.1,1.1,2.1,10.5,18.8,0.0,0.0,0.0,-0.003,-3.5,-2.0,-5.6,0.0
Patrick Patterson,PF,29,OKC,51,745,8.7,.501,.631,.149,4.9,12.0,8.4,4.8,0.8,1.3,8.0,12.3,0.4,0.8,1.2,.076,-2.5,-0.7,-3.2,-0.2
Chris Paul,PG,33,HOU,29,943,18.5,.553,.464,.281,2.0,12.3,7.0,38.3,3.1,0.7,17.0,22.4,1.8,0.8,2.6,.135,2.2,-0.9,1.3,0.8
Cameron Payne,PG,24,TOT,40,712,11.7,.519,.377,.184,2.0,9.2,5.5,22.5,1.9,1.1,15.7,17.7,0.1,0.4,0.5,.032,-2.0,-1.5,-3.5,-0.3
Cameron Payne,PG,24,CHI,31,536,10.5,.492,.351,.149,2.0,8.7,5.4,23.2,1.8,1.0,16.0,17.5,-0.1,0.3,0.2,.016,-2.9,-1.4,-4.3,-0.3
Cameron Payne,PG,24,CLE,9,176,15.5,.596,.455,.291,1.8,10.6,6.0,20.2,2.3,1.5,15.1,18.2,0.2,0.0,0.3,.080,0.6,-1.8,-1.1,0.0
Elfrid Payton,PG,24,NOP,19,512,12.7,.504,.216,.181,2.9,11.2,7.2,28.5,2.0,0.8,19.6,18.6,0.1,0.3,0.4,.041,-1.5,-0.7,-2.1,0.0
Gary Payton,PG,26,WAS,3,16,37.3,.688,.250,.000,6.7,7.1,6.9,46.1,8.9,5.4,11.1,24.1,0.1,0.0,0.1,.367,10.0,5.4,15.4,0.1
Theo Pinson,SG,23,BRK,10,135,8.9,.517,.581,.233,1.6,15.1,8.3,15.7,1.4,0.0,20.2,18.6,-0.1,0.1,0.1,.018,-3.3,-1.1,-4.4,-0.1
Mason Plumlee,C,28,DEN,52,1026,18.5,.604,.019,.489,11.0,21.2,16.1,18.1,2.2,4.0,18.8,16.9,1.8,1.7,3.5,.165,0.4,3.6,4.1,1.6
Miles Plumlee,C,30,ATL,18,173,19.0,.654,.000,.625,9.6,14.5,12.0,14.9,1.6,2.0,14.0,16.7,0.4,0.1,0.5,.146,0.3,-0.2,0.1,0.1
Jakob Poeltl,C,23,SAS,50,729,18.5,.634,.000,.394,15.7,19.3,17.5,11.5,0.6,3.8,14.9,14.1,2.0,0.7,2.7,.180,1.6,1.6,3.2,1.0
Quincy Pondexter,SF,30,SAS,39,220,13.7,.642,.372,.814,3.5,15.3,9.5,10.5,2.0,0.4,14.6,13.7,0.4,0.2,0.6,.137,-0.1,-0.4,-0.5,0.1
Otto Porter,SF,25,WAS,40,1153,15.4,.556,.401,.135,3.5,18.1,10.7,9.9,2.6,1.5,7.9,18.3,1.1,1.2,2.2,.092,-0.1,0.5,0.5,0.7
Bobby Portis,PF,23,CHI,22,531,17.4,.529,.266,.185,9.4,23.5,16.5,9.7,1.0,1.3,9.0,26.7,0.3,0.5,0.7,.066,-0.9,-1.9,-2.8,-0.1
Dwight Powell,C,27,DAL,48,798,19.5,.650,.255,.510,8.4,17.7,13.2,9.3,1.4,3.0,11.1,18.8,2.2,1.1,3.3,.198,1.5,1.1,2.6,0.9
Norman Powell,SG,25,TOR,31,578,13.4,.605,.423,.190,0.8,10.1,5.5,11.5,1.9,1.0,12.0,17.2,0.7,0.6,1.3,.111,0.1,-0.2,-0.1,0.3
Alex Poythress,PF,25,ATL,18,243,12.8,.593,.277,.323,10.3,15.7,12.9,7.6,0.6,2.8,11.9,14.0,0.4,0.1,0.5,.095,-1.0,-0.8,-1.8,0.0
Zhou Qi,PF,23,HOU,1,1,81.4,1.000,.000,.000,0.0,0.0,0.0,0.0,0.0,0.0,0.0,43.4,0.0,0.0,0.0,1.264,22.5,-13.3,9.3,0.0
Ivan Rabb,PF,21,MEM,23,194,18.4,.630,.033,.361,14.5,25.6,19.9,12.5,0.5,2.0,18.5,20.3,0.3,0.2,0.6,.140,-1.5,0.0,-1.5,0.0
Chasson Randle,PG,25,WAS,22,339,10.7,.586,.490,.354,1.9,6.7,4.2,18.6,1.7,0.3,18.4,17.2,0.2,0.1,0.3,.049,-1.4,-2.9,-4.2,-0.2
Julius Randle,C,24,NOP,47,1390,21.6,.613,.139,.477,7.8,25.0,16.6,15.1,0.9,1.7,13.7,26.3,3.2,1.2,4.5,.154,1.8,-0.2,1.6,1.3
J.J. Redick,SG,34,PHI,50,1553,15.3,.600,.576,.236,1.1,6.3,3.8,13.5,0.6,0.5,8.4,22.5,3.1,0.8,3.8,.119,2.6,-3.6,-1.0,0.4
Davon Reed,SG,23,IND,6,15,3.7,.500,.333,.000,0.0,7.3,3.7,16.8,0.0,0.0,25.0,11.6,0.0,0.0,0.0,.002,-6.0,-3.0,-9.0,0.0
Josh Richardson,SG,25,MIA,49,1695,14.1,.532,.445,.237,2.3,9.1,5.7,17.2,1.6,1.2,9.4,22.1,1.9,1.7,3.6,.103,1.0,-0.6,0.4,1.0
Malachi Richardson,SG,23,TOR,22,103,1.0,.481,.862,.172,2.1,11.3,6.8,0.0,0.5,0.0,20.4,16.3,-0.2,0.1,-0.1,-0.060,-5.9,-4.5,-10.5,-0.2
Austin Rivers,SG-PG,26,TOT,49,1391,8.0,.500,.578,.172,1.6,8.5,4.9,12.9,1.1,1.0,10.7,14.8,0.3,0.4,0.6,.022,-1.8,-1.7,-3.5,-0.5
Austin Rivers,SG,26,WAS,29,683,7.0,.490,.546,.237,1.7,9.9,5.7,11.4,1.2,1.3,14.4,15.7,-0.4,0.3,-0.2,-0.011,-3.1,-1.3,-4.4,-0.4
Austin Rivers,PG,26,HOU,20,708,9.0,.510,.609,.109,1.4,7.0,4.1,14.3,1.0,0.8,6.6,13.9,0.7,0.1,0.8,.054,-0.5,-2.1,-2.6,-0.1
Devin Robinson,SF,23,WAS,4,32,26.3,.607,.000,.462,6.7,17.7,12.0,10.3,4.4,2.7,0.0,20.9,0.1,0.1,0.2,.229,1.4,1.2,2.6,0.0
Duncan Robinson,PF,24,MIA,4,29,6.6,.500,1.000,.000,0.0,18.4,9.1,0.0,1.7,0.0,0.0,8.8,0.0,0.0,0.0,.067,-4.5,-2.8,-7.3,0.0
Glenn Robinson,SF,25,DET,31,424,6.9,.483,.359,.282,2.2,7.8,4.9,4.5,1.3,1.0,10.2,14.7,-0.1,0.4,0.2,.026,-4.4,-0.5,-5.0,-0.3
Jerome Robinson,SG,21,LAC,17,150,9.8,.578,.588,.039,2.2,9.6,6.0,2.9,0.6,1.0,3.7,15.2,0.2,0.1,0.2,.071,-0.3,-3.0,-3.3,0.0
Mitchell Robinson,C,20,NYK,36,618,18.7,.663,.000,.405,12.4,12.4,12.4,4.8,2.0,9.7,11.8,11.1,1.4,0.8,2.2,.169,0.2,5.2,5.4,1.1
Rajon Rondo,PG,32,LAL,19,531,13.3,.493,.257,.102,2.6,16.2,9.6,37.1,1.7,0.3,20.5,17.1,0.3,0.6,0.9,.083,-1.5,0.3,-1.2,0.1
Derrick Rose,PG,30,MIN,39,1121,19.5,.562,.222,.212,2.4,8.1,5.2,27.7,1.1,0.8,9.3,26.2,2.4,0.4,2.8,.121,2.8,-2.6,0.2,0.6
Terrence Ross,SG,27,ORL,53,1404,14.4,.547,.505,.115,1.4,12.1,6.7,9.5,1.7,1.2,7.4,23.1,0.6,1.4,2.1,.071,0.2,-1.3,-1.1,0.3
Terry Rozier,PG,24,BOS,52,1195,13.3,.495,.499,.145,2.2,16.9,9.5,18.7,1.9,1.1,8.9,18.3,0.8,1.8,2.6,.106,-0.8,0.7,0.0,0.6
Ricky Rubio,PG,28,UTA,47,1348,13.1,.518,.377,.272,1.5,11.7,6.6,32.1,2.2,0.5,19.1,23.0,0.1,1.8,1.9,.068,-1.0,0.3,-0.7,0.5
D'Angelo Russell,PG,22,BRK,53,1573,19.1,.536,.413,.117,2.0,11.5,6.7,38.3,1.9,0.8,13.7,30.3,1.8,1.5,3.3,.100,3.4,-0.9,2.6,1.8
Domantas Sabonis,C,22,IND,50,1244,22.7,.641,.024,.424,12.1,29.1,20.8,17.4,1.3,1.7,16.3,23.1,3.3,2.3,5.6,.215,1.9,2.2,4.1,1.9
Brandon Sampson,SG,21,CHI,2,25,6.0,.625,.750,.000,0.0,13.0,6.5,5.6,0.0,0.0,0.0,7.1,0.0,0.0,0.0,.062,-2.7,-2.4,-5.1,0.0
Dario Saric,PF,24,TOT,51,1254,11.5,.534,.475,.205,6.2,18.1,12.2,8.5,1.0,0.4,11.4,17.2,0.9,1.0,1.9,.072,-0.7,-1.1,-1.8,0.1
Dario Saric,PF,24,PHI,13,396,8.2,.496,.530,.227,5.8,17.1,11.6,8.9,0.5,0.6,14.7,18.0,-0.1,0.3,0.2,.027,-2.4,-1.4,-3.9,-0.2
Dario Saric,PF,24,MIN,38,858,13.0,.552,.449,.195,6.4,18.6,12.4,8.4,1.3,0.3,9.8,16.9,1.0,0.7,1.7,.093,0.0,-0.9,-0.9,0.2
Tomas Satoransky,SG,27,WAS,52,1243,14.0,.591,.299,.276,3.5,10.2,6.8,22.9,2.0,0.6,15.2,13.8,2.1,0.7,2.8,.109,0.1,-0.7,-0.7,0.4
Dennis Schroder,PG,25,OKC,50,1428,13.6,.515,.301,.206,1.5,10.9,6.1,21.8,1.5,0.5,13.6,25.0,0.4,1.7,2.1,.070,-1.6,-1.3,-2.9,-0.3
Mike Scott,PF,30,LAC,50,702,9.9,.522,.584,.082,3.6,20.6,12.4,8.1,1.2,0.9,9.9,15.2,0.2,0.7,0.9,.061,-1.3,-0.5,-1.8,0.0
Thabo Sefolosha,SF,34,UTA,26,289,11.4,.616,.483,.241,1.5,25.9,13.8,4.8,3.8,0.3,18.9,11.7,0.0,0.6,0.6,.104,-3.3,2.9,-0.4,0.1
Wayne Selden,SG,24,TOT,46,754,8.5,.514,.391,.189,3.0,7.6,5.2,12.5,1.0,0.9,13.7,17.8,-0.3,0.4,0.2,.011,-3.2,-1.9,-5.1,-0.6
Wayne Selden,SG,24,MEM,32,455,9.0,.495,.391,.180,3.9,7.3,5.6,12.7,1.1,1.3,11.7,19.7,-0.2,0.4,0.2,.016,-3.2,-1.8,-5.0,-0.3
Wayne Selden,SG,24,CHI,14,299,7.7,.553,.390,.208,1.5,8.0,4.7,12.3,0.8,0.3,17.6,15.0,0.0,0.1,0.0,.004,-3.3,-2.1,-5.4,-0.3
Collin Sexton,PG,20,CLE,53,1573,9.8,.483,.178,.213,2.5,9.1,5.7,15.3,0.9,0.2,13.0,25.2,-1.3,-0.4,-1.7,-0.053,-3.3,-3.6,-6.9,-1.9
Landry Shamet,SG,21,PHI,53,1074,11.2,.611,.705,.159,1.4,6.1,3.8,7.6,1.1,0.6,6.4,15.1,1.7,0.7,2.3,.104,1.2,-2.4,-1.2,0.2
Iman Shumpert,SG,28,SAC,41,1064,9.9,.504,.579,.121,1.8,10.3,6.0,10.3,2.1,1.5,9.4,15.3,0.2,0.9,1.1,.050,-0.8,0.3,-0.6,0.4
Pascal Siakam,PF,24,TOR,52,1635,18.3,.633,.205,.309,5.6,18.0,11.9,13.5,1.5,1.7,12.8,19.0,3.8,2.1,5.9,.173,2.0,1.7,3.7,2.3
Ben Simmons,PG,22,PHI,52,1752,21.2,.591,.002,.465,7.4,22.1,15.0,36.7,1.8,1.8,19.4,22.1,3.7,2.4,6.1,.168,1.9,2.7,4.7,2.9
Jonathon Simmons,SG,29,ORL,41,845,7.6,.445,.290,.252,2.9,10.1,6.4,16.2,1.0,1.4,15.0,19.4,-1.0,0.7,-0.3,-0.020,-4.9,-0.8,-5.7,-0.8
Kobi Simmons,G,21,CLE,1,2,0.0,,,,0.0,0.0,0.0,0.0,0.0,0.0,,0.0,0.0,0.0,0.0,-0.037,-6.3,-1.2,-7.5,0.0
Anfernee Simons,SG,19,POR,10,57,-4.7,.291,.333,.167,0.0,12.7,6.5,9.5,0.0,0.0,18.9,23.6,-0.3,0.0,-0.3,-0.267,-12.3,-3.8,-16.1,-0.2
Marcus Smart,SG,24,BOS,51,1364,12.9,.556,.633,.255,2.6,8.5,5.5,19.6,3.2,1.3,16.2,13.8,1.5,2.2,3.7,.130,0.5,1.6,2.1,1.4
Dennis Smith,PG,21,DAL,32,908,11.7,.527,.350,.230,2.2,9.1,5.7,24.0,2.1,1.0,20.3,23.1,-0.5,1.0,0.5,.024,-1.8,-0.1,-1.9,0.0
Ish Smith,PG,30,DET,26,591,8.9,.479,.369,.080,0.2,8.5,4.1,19.4,0.9,1.0,10.0,18.7,-0.1,0.5,0.4,.032,-2.9,-1.5,-4.4,-0.4
J.R. Smith,SG,33,CLE,11,222,7.9,.444,.494,.127,0.0,9.4,4.5,14.0,2.5,1.2,11.7,18.7,-0.2,0.1,-0.2,-0.040,-3.3,-2.0,-5.3,-0.2
Jason Smith,C-PF,32,TOT,18,170,10.6,.507,.380,.280,8.9,21.9,15.3,10.3,0.8,3.5,17.6,17.1,0.0,0.2,0.2,.053,-3.9,0.3,-3.6,-0.1
Jason Smith,C,32,WAS,12,130,11.9,.520,.270,.324,9.1,22.6,15.7,12.5,0.4,3.3,14.2,16.2,0.1,0.1,0.2,.075,-3.0,0.0,-3.0,0.0
Jason Smith,PF,32,MIL,6,40,6.4,.468,.692,.154,8.3,19.5,14.3,3.1,2.3,4.3,26.5,19.9,-0.1,0.1,0.0,-0.016,-6.7,1.2,-5.4,0.0
Tony Snell,SG,27,MIL,51,874,11.9,.613,.599,.150,2.7,9.7,6.4,6.5,1.0,1.0,6.7,13.6,1.4,1.1,2.5,.135,0.2,-0.6,-0.4,0.4
Ray Spalding,PF,21,DAL,1,1,0.0,,,,0.0,0.0,0.0,0.0,0.0,0.0,,0.0,0.0,0.0,0.0,.005,-6.2,0.7,-5.5,0.0
Omari Spellman,PF,21,ATL,35,592,11.9,.516,.522,.202,9.0,15.6,12.2,6.8,1.6,3.0,11.4,15.0,0.4,0.4,0.8,.064,-1.4,0.1,-1.3,0.1
Nik Stauskas,SG,25,POR,44,673,10.9,.545,.546,.157,1.6,10.7,6.3,12.8,1.0,0.5,14.0,17.9,0.3,0.4,0.8,.055,-0.9,-1.8,-2.7,-0.1
D.J. Stephens,SG,28,MEM,1,7,5.6,.500,.000,.000,0.0,0.0,0.0,0.0,7.2,0.0,33.3,19.5,0.0,0.0,0.0,-0.117,-10.1,2.5,-7.5,0.0
Lance Stephenson,SG,28,LAL,52,830,13.2,.547,.449,.159,3.1,16.1,9.8,18.3,1.8,0.5,16.2,21.2,0.2,1.0,1.2,.070,-1.0,-0.2,-1.2,0.2
Edmond Sumner,PG,23,IND,13,105,1.3,.285,.406,.219,5.4,11.4,8.5,6.1,2.8,2.6,14.6,17.0,-0.4,0.2,-0.2,-0.090,-8.1,1.4,-6.7,-0.1
Caleb Swanigan,PF,21,POR,18,145,3.2,.372,.114,.159,9.7,27.7,19.0,6.3,1.3,0.0,25.4,18.4,-0.4,0.2,-0.3,-0.086,-8.9,-0.6,-9.5,-0.3
Jayson Tatum,SF,20,BOS,52,1608,15.8,.552,.324,.218,3.4,17.8,10.6,8.9,1.5,2.3,9.2,22.5,1.5,2.5,4.0,.118,-0.9,0.5,-0.4,0.6
Jeff Teague,PG,30,MIN,31,939,14.9,.522,.280,.379,1.2,7.4,4.3,37.1,1.8,1.2,17.4,18.5,1.2,0.6,1.7,.089,-0.2,-2.1,-2.3,-0.1
Garrett Temple,SG,32,MEM,49,1530,8.8,.551,.543,.196,1.3,10.3,5.7,6.9,1.6,1.6,11.4,14.1,0.1,1.6,1.7,.053,-1.9,0.6,-1.3,0.3
Milos Teodosic,PG,31,LAC,15,150,6.7,.557,.675,.175,2.2,8.9,5.7,29.0,0.9,0.5,32.8,18.1,-0.1,0.1,-0.1,-0.017,-2.7,-3.1,-5.8,-0.1
Jared Terrell,SG,23,MIN,7,67,1.9,.391,.423,.077,1.6,3.2,2.4,14.4,2.2,1.3,20.7,21.2,-0.2,0.0,-0.2,-0.132,-7.1,-2.4,-9.5,-0.1
Emanuel Terry,PF,22,PHO,2,20,20.2,.654,.000,.333,11.1,22.8,16.9,8.0,7.2,0.0,22.5,19.2,0.0,0.0,0.1,.131,-1.0,3.0,1.9,0.0
Daniel Theis,C,26,BOS,38,565,17.3,.618,.246,.335,10.9,18.2,14.5,10.5,1.0,3.5,9.9,16.2,1.5,0.9,2.4,.204,0.9,1.4,2.3,0.6
Khyri Thomas,SG,22,DET,14,120,10.4,.524,.564,.231,1.7,9.5,5.4,5.0,1.6,2.8,6.5,16.3,0.1,0.1,0.2,.077,-2.5,-0.2,-2.7,0.0
Lance Thomas,PF,30,NYK,23,373,6.8,.481,.385,.269,3.0,13.8,8.2,4.1,1.9,1.4,13.0,11.4,-0.1,0.2,0.1,.013,-4.1,0.1,-4.0,-0.2
Klay Thompson,SG,28,GSW,51,1743,16.3,.563,.409,.124,1.4,10.9,6.3,9.0,1.6,1.5,7.6,26.1,1.6,1.5,3.1,.085,0.6,-2.1,-1.5,0.2
Tristan Thompson,C,27,CLE,35,1043,18.8,.547,.000,.258,15.8,26.2,20.8,11.3,1.3,1.3,12.0,17.5,1.9,0.4,2.3,.107,0.5,0.2,0.7,0.7
Sindarius Thornwell,SG,24,LAC,35,181,3.7,.508,.313,.594,1.2,14.2,7.9,7.1,1.0,0.9,24.4,12.5,-0.2,0.1,-0.1,-0.015,-5.4,-0.5,-5.9,-0.2
Anthony Tolliver,PF,33,MIN,36,544,9.1,.612,.883,.233,2.1,13.8,7.9,4.9,1.0,1.6,12.6,11.7,0.5,0.3,0.8,.071,-0.6,-0.8,-1.4,0.1
Karl-Anthony Towns,C,23,MIN,52,1724,25.2,.605,.283,.328,10.8,28.6,19.6,16.2,1.4,4.8,13.0,27.4,4.5,2.6,7.1,.198,4.1,2.6,6.8,3.8
Gary Trent,SG,20,POR,7,33,3.2,.373,.471,.235,0.0,12.5,6.4,4.3,0.0,2.4,5.1,25.3,-0.1,0.0,-0.1,-0.120,-7.9,-4.5,-12.4,-0.1
Allonzo Trier,SG,23,NYK,44,979,12.9,.564,.219,.421,2.5,12.0,7.0,14.3,1.0,1.2,16.5,21.0,0.4,0.3,0.7,.034,-1.9,-1.7,-3.6,-0.4
P.J. Tucker,PF,33,HOU,52,1840,9.3,.545,.710,.136,4.5,15.3,9.7,4.9,2.2,1.1,10.6,10.0,1.3,1.4,2.7,.069,-0.5,1.0,0.5,1.1
Evan Turner,PG,30,POR,51,1228,11.5,.507,.120,.222,2.8,17.3,10.2,22.4,1.1,0.9,18.6,16.3,0.3,1.1,1.4,.057,-2.4,0.7,-1.7,0.1
Myles Turner,C,22,IND,47,1330,18.2,.570,.207,.232,5.7,22.1,14.1,8.9,1.1,8.4,11.1,19.9,1.3,2.8,4.1,.147,-1.5,4.6,3.1,1.7
Ekpe Udoh,C,31,UTA,33,186,17.0,.710,.000,.421,6.5,15.2,10.9,10.4,0.8,7.4,15.1,12.2,0.4,0.3,0.7,.187,-1.4,4.2,2.8,0.2
Tyler Ulis,PG,23,CHI,1,1,0.0,,,,0.0,0.0,0.0,0.0,0.0,0.0,,0.0,0.0,0.0,0.0,-0.013,-7.0,-0.2,-7.2,0.0
Jonas Valanciunas,C,26,TOR,30,564,24.9,.639,.116,.363,10.5,30.4,20.7,8.5,1.1,3.3,11.5,25.7,1.7,1.0,2.7,.228,1.0,0.4,1.4,0.5
Jarred Vanderbilt,PF,19,DEN,1,4,23.1,.568,,,0.0,82.1,41.0,28.5,12.4,0.0,53.2,20.2,0.0,0.0,0.0,.087,-10.1,14.8,4.7,0.0
Fred VanVleet,PG,24,TOR,47,1261,13.3,.529,.495,.194,1.7,9.0,5.4,23.0,1.5,0.8,11.3,17.7,1.6,1.2,2.8,.106,0.8,-0.7,0.0,0.6
Noah Vonleh,PF,23,NYK,51,1358,14.4,.556,.326,.371,7.1,27.7,17.0,11.5,1.4,2.8,15.0,14.5,1.3,1.3,2.6,.093,-1.2,2.1,0.9,1.0
Nikola Vucevic,C,28,ORL,52,1630,25.6,.577,.179,.163,9.0,32.9,20.7,22.7,1.5,3.1,10.3,28.0,3.4,2.8,6.2,.183,3.2,3.2,6.4,3.5
Dwyane Wade,SG,37,MIA,41,1041,15.1,.510,.306,.268,3.5,11.9,7.7,28.1,1.3,1.6,14.5,26.6,0.2,1.1,1.4,.063,-0.3,-0.6,-0.9,0.3
Moritz Wagner,C,21,LAL,19,125,12.9,.519,.482,.268,6.8,18.2,12.7,9.1,1.1,1.9,12.6,23.7,0.0,0.2,0.1,.056,-2.3,-1.6,-3.8,-0.1
Dion Waiters,SG,27,MIA,13,253,9.2,.447,.568,.063,0.4,11.8,6.1,19.7,1.4,0.3,9.5,21.2,-0.2,0.2,0.0,.007,-2.3,-2.0,-4.4,-0.2
Kemba Walker,PG,28,CHO,52,1783,21.1,.558,.449,.270,1.6,11.9,6.7,27.7,1.7,1.3,10.4,30.9,3.2,1.4,4.6,.125,4.7,-1.5,3.1,2.3
Lonnie Walker,SG,20,SAS,4,29,8.4,.455,.364,.000,0.0,26.3,13.3,4.7,1.7,2.9,8.3,18.2,0.0,0.0,0.0,.001,-6.1,-0.3,-6.4,0.0
John Wall,PG,28,WAS,32,1104,18.3,.527,.306,.317,1.5,10.3,5.8,39.9,2.1,2.3,16.1,29.1,0.5,0.8,1.3,.057,1.1,-1.0,0.1,0.6
Tyrone Wallace,PG,24,LAC,40,398,8.7,.450,.089,.267,4.4,12.1,8.4,7.7,1.9,1.4,9.4,19.2,-0.4,0.4,0.0,-0.001,-4.7,-0.7,-5.4,-0.3
Taurean Waller-Prince,SF,24,ATL,31,850,11.4,.559,.518,.204,1.7,13.4,7.5,10.3,1.8,1.1,14.6,20.6,0.1,0.5,0.6,.034,-1.2,-1.3,-2.5,-0.1
Brad Wanamaker,PG,29,BOS,23,206,14.5,.599,.438,.219,1.0,10.4,5.7,22.0,2.1,0.4,15.6,17.4,0.3,0.3,0.6,.141,-0.6,-1.2,-1.8,0.0
T.J. Warren,SF,25,PHO,43,1360,16.6,.580,.295,.203,2.5,12.0,7.2,7.8,1.8,1.8,7.2,22.8,1.7,0.5,2.3,.080,0.4,-1.7,-1.3,0.2
Julian Washburn,SF,27,MEM,3,21,-3.1,.000,.333,.000,5.3,22.5,13.7,0.0,0.0,0.0,0.0,6.5,-0.1,0.0,0.0,-0.098,-12.3,-3.2,-15.5,-0.1
Yuta Watanabe,SG,24,MEM,8,52,4.6,.397,.333,.400,0.0,22.7,11.1,8.6,1.0,1.9,14.5,18.1,-0.1,0.1,-0.1,-0.072,-9.2,-0.5,-9.7,-0.1
Thomas Welsh,C,22,DEN,9,33,13.9,.643,.700,.200,0.0,13.3,6.6,16.7,0.0,0.0,8.4,15.4,0.1,0.0,0.1,.137,1.1,-4.0,-2.9,0.0
Russell Westbrook,PG,30,OKC,43,1523,20.4,.482,.233,.310,4.2,27.9,15.9,46.7,3.0,0.8,16.7,30.8,0.4,3.2,3.6,.115,1.5,4.3,5.8,3.0
Derrick White,PG,24,SAS,45,1138,14.6,.580,.260,.260,2.1,12.6,7.4,19.6,1.9,1.7,15.3,17.0,1.4,1.1,2.5,.106,0.3,0.6,0.9,0.8
Okaro White,PF,26,WAS,3,6,-4.5,.000,1.000,.000,17.9,18.8,18.4,0.0,0.0,0.0,0.0,14.3,0.0,0.0,0.0,-0.252,-11.2,-8.1,-19.3,0.0
Hassan Whiteside,C,29,MIA,45,1146,21.5,.537,.033,.394,15.7,36.2,25.9,5.7,1.1,7.5,12.8,22.6,0.8,2.7,3.4,.143,-3.4,3.0,-0.4,0.5
Andrew Wiggins,SF,23,MIN,48,1665,11.9,.485,.291,.272,3.4,10.8,7.1,10.1,1.5,1.3,9.2,24.4,-0.5,1.1,0.6,.017,-1.9,-1.2,-3.1,-0.5
Alan Williams,PF,26,BRK,2,10,36.4,.592,.200,.800,21.4,64.4,42.8,38.2,0.0,0.0,12.9,32.8,0.0,0.0,0.1,.303,6.9,3.5,10.4,0.0
C.J. Williams,SG,28,MIN,8,65,2.3,.469,.438,.000,1.6,5.0,3.3,10.5,0.7,0.0,20.0,12.9,-0.1,0.0,-0.1,-0.043,-4.9,-2.8,-7.7,-0.1
Johnathan Williams,C,23,LAL,7,89,10.4,.518,.000,.250,13.1,11.1,12.1,5.9,0.5,3.6,8.3,11.2,0.1,0.1,0.2,.107,-2.1,1.0,-1.1,0.0
Kenrich Williams,SF,24,NOP,17,188,9.7,.569,.392,.078,5.2,20.7,13.1,6.9,0.2,1.3,13.2,13.4,0.1,0.1,0.2,.056,-2.3,-1.5,-3.8,-0.1
Lou Williams,SG,32,LAC,47,1227,21.4,.553,.258,.422,1.8,10.1,6.1,33.5,1.2,0.4,11.9,32.1,2.5,0.7,3.2,.126,3.2,-2.5,0.6,0.8
Marvin Williams,PF,32,CHO,51,1435,13.0,.559,.605,.145,3.3,17.9,10.5,6.2,1.6,2.2,5.6,14.9,1.6,1.5,3.0,.102,0.4,0.4,0.9,1.0
Robert Williams,C,21,BOS,22,198,20.6,.749,.000,.270,10.2,19.5,14.8,3.5,1.5,14.5,16.2,10.7,0.4,0.5,0.9,.227,-1.7,8.0,6.4,0.4
Troy Williams,SF,24,SAC,18,286,11.2,.550,.471,.172,3.2,17.0,10.0,4.6,1.6,2.4,7.9,14.7,0.2,0.3,0.5,.078,-1.8,-0.1,-1.9,0.0
D.J. Wilson,PF,22,MIL,23,417,13.2,.592,.473,.179,5.3,20.1,13.2,6.9,1.1,3.1,8.3,13.3,0.6,0.8,1.3,.151,-0.9,1.7,0.8,0.3
Justise Winslow,PF,22,MIA,46,1351,12.7,.516,.339,.200,3.4,15.5,9.5,21.7,1.6,0.9,15.4,20.5,0.3,1.7,1.9,.069,-1.0,0.6,-0.4,0.5
Christian Wood,PF,23,MIL,7,41,19.6,.578,.211,.316,10.8,28.5,20.2,7.2,0.0,0.0,8.5,24.3,0.1,0.1,0.1,.175,-1.9,-3.5,-5.4,0.0
Delon Wright,PG,26,TOR,47,858,14.3,.529,.315,.181,4.7,10.0,7.4,16.3,2.3,1.4,11.0,16.7,1.0,1.1,2.0,.114,-0.1,0.9,0.8,0.6
Guerschon Yabusele,PF,23,BOS,29,164,12.0,.526,.362,.255,9.7,11.8,10.7,9.9,2.1,3.8,17.4,16.6,0.1,0.3,0.3,.099,-2.2,1.8,-0.5,0.1
Nick Young,SG,33,DEN,4,37,2.5,.500,.889,.000,0.0,3.0,1.5,6.8,0.0,2.4,18.2,12.7,0.0,0.0,0.0,-0.021,-4.0,-2.9,-6.9,0.0
Thaddeus Young,PF,30,IND,52,1563,16.6,.568,.142,.170,9.2,14.3,11.8,9.6,2.5,1.4,10.3,18.0,2.1,2.6,4.7,.144,0.7,1.9,2.6,1.8
Trae Young,PG,20,ATL,52,1564,14.3,.523,.388,.306,2.3,9.1,5.6,37.8,1.3,0.7,19.8,27.2,0.2,0.4,0.7,.020,-0.1,-3.0,-3.2,-0.5
Cody Zeller,C,26,CHO,35,857,16.6,.618,.069,.329,9.0,18.6,13.7,12.5,1.4,2.8,14.5,15.5,1.8,0.9,2.7,.150,0.4,1.7,2.1,0.9
Ante Zizic,C,22,CLE,37,585,16.5,.570,.000,.384,11.0,24.9,17.6,6.5,0.8,2.1,12.6,19.1,0.8,0.2,1.0,.082,-2.3,-1.8,-4.1,-0.3
Ivica Zubac,C,21,LAL,32,497,20.1,.629,.000,.351,11.3,20.9,16.3,7.2,0.4,4.3,12.5,20.6,1.2,0.7,1.9,.181,-1.0,0.5,-0.4,0.2
